rsID	Gene_symbol	Ensembl_gene	Consequence	IMPACT	Feature	BIOTYPE	CANONICAL	MANE_SELECT	HGVSc	HGVSp	SIFT	PolyPhen	CADD_PHRED	CLIN_SIG	PHENO	PUBMED	PHENOTYPES	RegulomeDB_rank	RegulomeDB_probability	RegulomeDB_QTL	RegulomeDB_ChIP	Chromatin_accessibility	GWAS_traits	GWAS_reported_genes	GWAS_pvalues
rs10173253	-	ENSG00000296940	downstream_gene_variant	MODIFIER	ENST00000743741.1	lncRNA	YES	-	-	-	-	-	0.144	-	-	34433485	-	5	0.13454	FALSE	FALSE	TRUE			
rs1061039	RERE	ENSG00000142599	intron_variant	MODIFIER	ENST00000400908.7	protein_coding	YES	NM_001042681.2	-	-	-	-	0.298	-	-	-	RERE-related_phenocopy_of_proximal_1p36_deletions+G2P+ENSG00000142599,Complex_neurodevelopmental_disorder_with_or_without_congenital_anomalies+GenCC+ENSG00000142599,NEURODEVELOPMENTAL_DISORDER_WITH_OR_WITHOUT_ANOMALIES_OF_THE_BRAIN__EYE__OR_HEART+GenCC+ENSG00000142599,NEURODEVELOPMENTAL_DISORDER_WITH_OR_WITHOUT_ANOMALIES_OF_THE_BRAIN__EYE__OR_HEART+MIM_morbid+ENSG00000142599,1p36_deletion_syndrome+Orphanet+ENSG00000142599,RERE-related_neurodevelopmental_syndrome+Orphanet+ENSG00000142599	1f	0.55324	TRUE	TRUE	FALSE			
rs11121186	RERE	ENSG00000142599	intron_variant	MODIFIER	ENST00000400908.7	protein_coding	YES	NM_001042681.2	-	-	-	-	1.721	-	-	-	RERE-related_phenocopy_of_proximal_1p36_deletions+G2P+ENSG00000142599,Complex_neurodevelopmental_disorder_with_or_without_congenital_anomalies+GenCC+ENSG00000142599,NEURODEVELOPMENTAL_DISORDER_WITH_OR_WITHOUT_ANOMALIES_OF_THE_BRAIN__EYE__OR_HEART+GenCC+ENSG00000142599,NEURODEVELOPMENTAL_DISORDER_WITH_OR_WITHOUT_ANOMALIES_OF_THE_BRAIN__EYE__OR_HEART+MIM_morbid+ENSG00000142599,1p36_deletion_syndrome+Orphanet+ENSG00000142599,RERE-related_neurodevelopmental_syndrome+Orphanet+ENSG00000142599	1f	0.55436	TRUE	TRUE	TRUE			
rs11121202	RERE	ENSG00000142599	intron_variant	MODIFIER	ENST00000400908.7	protein_coding	YES	NM_001042681.2	-	-	-	-	2.654	-	-	-	RERE-related_phenocopy_of_proximal_1p36_deletions+G2P+ENSG00000142599,Complex_neurodevelopmental_disorder_with_or_without_congenital_anomalies+GenCC+ENSG00000142599,NEURODEVELOPMENTAL_DISORDER_WITH_OR_WITHOUT_ANOMALIES_OF_THE_BRAIN__EYE__OR_HEART+GenCC+ENSG00000142599,NEURODEVELOPMENTAL_DISORDER_WITH_OR_WITHOUT_ANOMALIES_OF_THE_BRAIN__EYE__OR_HEART+MIM_morbid+ENSG00000142599,1p36_deletion_syndrome+Orphanet+ENSG00000142599,RERE-related_neurodevelopmental_syndrome+Orphanet+ENSG00000142599	1f	0.82	TRUE	FALSE	TRUE			
rs11195393	SHOC2	ENSG00000108061	intron_variant	MODIFIER	ENST00000369452.9	protein_coding	YES	NM_007373.4	-	-	-	-	0.225	-	-	-	SHOC2-related_Noonan-like_syndrome_with_loose_anagen_hair+G2P+ENSG00000108061,CARDIOFACIOCUTANEOUS_SYNDROME+GenCC+ENSG00000108061,COSTELLO_SYNDROME+GenCC+ENSG00000108061,Noonan_Syndrome+GenCC+ENSG00000108061,NOONAN_SYNDROME-LIKE_DISORDER_WITH_LOOSE_ANAGEN_HAIR_1+GenCC+ENSG00000108061,NOONAN_SYNDROME-LIKE_DISORDER_WITH_LOOSE_ANAGEN_HAIR+GenCC+ENSG00000108061,NOONAN_SYNDROME-LIKE_DISORDER_WITH_LOOSE_ANAGEN_HAIR_1+MIM_morbid+ENSG00000108061,NOONAN_SYNDROME-LIKE_DISORDER_WITH_LOOSE_ANAGEN_HAIR+Orphanet+ENSG00000108061	1f	0.22271	TRUE	FALSE	TRUE			
rs113135335	BCL2L11	ENSG00000153094	intron_variant	MODIFIER	ENST00000393256.8	protein_coding	YES	NM_138621.5	-	-	-	-	3.787	-	1	32541925,31669095,32888493,40328835	Neutrophil_count+NHGRI-EBI_GWAS_catalog+rs113135335,Type_2_diabetes+NHGRI-EBI_GWAS_catalog+rs113135335,Waist-to-hip_ratio_adjusted_for_BMI+NHGRI-EBI_GWAS_catalog+rs113135335	1b	0.98667	TRUE	TRUE	TRUE	Waist-to-hip ratio adjusted for BMI; Type 2 diabetes; Phospholipids to Total Lipids in Medium HDL percentage; Omega-6 fatty acids to total fatty acids percentage; Phospholipids to Total Lipids in Large HDL percentage; Cholesteryl Esters to Total Lipids in Large HDL percentage; Cholesterol to Total Lipids in Large HDL percentage; Neutrophil count	NR; 	2E-13; 5E-11; 5E-13; 2E-23; 1E-19; 4E-19; 1E-22
rs11669299	-	-	intergenic_variant	MODIFIER	-	-	-	-	-	-	-	-	0.942	-	-	-	-	1b	0.94984	TRUE	TRUE	TRUE			
rs11717389	LRRC31	ENSG00000114248	intron_variant	MODIFIER	ENST00000316428.10	protein_coding	YES	NM_024727.4	-	-	-	-	11.75	-	-	-	-	4	0.60906	FALSE	TRUE	TRUE			
rs12432676	TRAF3	ENSG00000131323	intron_variant	MODIFIER	ENST00000392745.8	protein_coding	YES	NM_145725.3	-	-	-	-	0.991	-	1	29403010	TRAF3_haploinsufficiency+GenCC+ENSG00000131323,IMMUNODEFICIENCY_132A+MIM_morbid+ENSG00000131323,IMMUNODEFICIENCY_132B+MIM_morbid+ENSG00000131323,Herpes_simplex_virus_encephalitis+Orphanet+ENSG00000131323,Non-albumin_protein_levels+NHGRI-EBI_GWAS_catalog+rs12432676	1f	0.55324	TRUE	TRUE	FALSE	Non-albumin protein levels	TRAF3	2E-24
rs12436513	TRAF3	ENSG00000131323	intron_variant	MODIFIER	ENST00000392745.8	protein_coding	YES	NM_145725.3	-	-	-	-	0.665	-	1	34594039,37280435,39789286	TRAF3_haploinsufficiency+GenCC+ENSG00000131323,IMMUNODEFICIENCY_132A+MIM_morbid+ENSG00000131323,IMMUNODEFICIENCY_132B+MIM_morbid+ENSG00000131323,Herpes_simplex_virus_encephalitis+Orphanet+ENSG00000131323,Childhood_body_mass_index+NHGRI-EBI_GWAS_catalog+rs12436513,Mean_platelet_thrombocyte_volume_UKB_data_field_30100+NHGRI-EBI_GWAS_catalog+rs12436513,Serum_total_protein_levels+NHGRI-EBI_GWAS_catalog+rs12436513	1f	0.55436	TRUE	TRUE	TRUE	Mean platelet thrombocyte volume (UKB data field 30100); Serum total protein levels; Childhood body mass index		2E-14; 8E-87; 4E-9
rs12451296	GRB2	ENSG00000177885	intron_variant	MODIFIER	ENST00000316804.10	protein_coding	YES	NM_002086.5	-	-	-	-	1.470	-	1	34594039,37566063,40436827	Aspartate_aminotransferase_levels+NHGRI-EBI_GWAS_catalog+rs12451296,Aspartate_aminotransferase_levels+NHGRI-EBI_GWAS_catalog+rs12451296	1f	0.55324	TRUE	TRUE	FALSE	Aspartate aminotransferase levels		3E-15; 6E-11
rs12798453	TREHP1	ENSG00000255239	upstream_gene_variant	MODIFIER	ENST00000531328.2	transcribed_unprocessed_pseudogene	YES	-	-	-	-	-	1.124	-	-	-	-	1f	0.55436	TRUE	TRUE	TRUE			
rs12978739	MYO9B	ENSG00000099331	intron_variant	MODIFIER	ENST00000682292.1	protein_coding	YES	NM_004145.4	-	-	-	-	1.030	-	-	-	-	7	0.51392	TRUE	FALSE	FALSE			
rs131659	UBE2L3	ENSG00000185651	upstream_gene_variant	MODIFIER	ENST00000342192.9	protein_coding	YES	NM_003347.4	-	-	-	-	1.091	-	1	32423041,22476155,40545721	Systemic_lupus_erythematosus+Orphanet+ENSG00000185651,Polyunsaturated_fatty_acid_levels+NHGRI-EBI_GWAS_catalog+rs131659,Total_fatty_acid_levels+NHGRI-EBI_GWAS_catalog+rs131659	4	0.60906	FALSE	TRUE	TRUE	Polyunsaturated fatty acid levels; Total concentration of lipoprotein particles; Total fatty acid levels; Apolipoprotein A1 levels; Phosphatidylcholine levels; Phosphoglycerides levels; Total cholines levels; Total lipids in medium HDL; Free cholesterol in medium HDL; Phospholipids in medium HDL; Cholesterol in Small HDL; Free cholesterol in small HDL; Concentration of small HDL particles; Free Cholesterol to Total Lipids in Very Large HDL percentage; Concentration of HDL particles; Total Lipids in HDL; Phospholipids in HDL; Total lipids in small HDL; Phospholipids in small HDL; Omega-6 fatty acids levels		3E-9; 4E-13; 1E-9; 1E-14; 1E-12; 2E-12; 2E-15; 8E-15; 8E-16; 7E-11; 2E-8; 1E-8; 2E-14; 9E-13; 5E-9; 2E-11
rs131660	UBE2L3	ENSG00000185651	upstream_gene_variant	MODIFIER	ENST00000342192.9	protein_coding	YES	NM_003347.4	-	-	-	-	2.632	-	1	22476155,32888494	Systemic_lupus_erythematosus+Orphanet+ENSG00000185651,Hematocrit+NHGRI-EBI_GWAS_catalog+rs131660	4	0.60906	FALSE	TRUE	TRUE	Hematocrit	UBE2L3	3E-16
rs142770866	PDE4A	ENSG00000065989	upstream_gene_variant	MODIFIER	ENST00000592685.6	protein_coding	-	-	-	-	-	-	1.141	-	1	37198478,32888494,39715278,39792054	COVID-19_critical_illness_vs_population+NHGRI-EBI_GWAS_catalog+rs142770866,COVID-19_hospitalized_covid_vs_population+NHGRI-EBI_GWAS_catalog+rs142770866,Inflammatory_bowel_disease_MTAG+NHGRI-EBI_GWAS_catalog+rs142770866,White_blood_cell_count+NHGRI-EBI_GWAS_catalog+rs142770866	1f	0.55324	TRUE	TRUE	FALSE	Inflammatory bowel disease (MTAG); COVID-19 (hospitalized covid vs population); COVID-19 (critical illness vs population); White blood cell count	; CDC37	1E-11; 3E-15; 9E-21; 1E-13
rs144569746	BCL2L11	ENSG00000153094	intron_variant	MODIFIER	ENST00000393256.8	protein_coding	YES	NM_138621.5	-	-	-	-	5.705	-	1	36777996,36797040,39024449	Asthma+NHGRI-EBI_GWAS_catalog+rs144569746,eosinophil_absolute_count__minimum__inv-norm_transformed+NHGRI-EBI_GWAS_catalog+rs144569746,eosinophil_fraction__maximum__inv-norm_transformed+NHGRI-EBI_GWAS_catalog+rs144569746,eosinophil_fraction__mean__inv-norm_transformed+NHGRI-EBI_GWAS_catalog+rs144569746,eosinophil_fraction__minimum__inv-norm_transformed+NHGRI-EBI_GWAS_catalog+rs144569746,eosinophil_fraction__minimum__inv-norm_transformed+NHGRI-EBI_GWAS_catalog+rs144569746,neutrophil_fraction__mean__inv-norm_transformed+NHGRI-EBI_GWAS_catalog+rs144569746,neutrophil_fraction__mean__inv-norm_transformed+NHGRI-EBI_GWAS_catalog+rs144569746,neutrophil_fraction__minimum__inv-norm_transformed+NHGRI-EBI_GWAS_catalog+rs144569746	1f	0.62417	TRUE	TRUE	FALSE	eosinophil (fraction, maximum, inv-norm transformed); neutrophil (fraction, mean, inv-norm transformed); eosinophil (fraction, minimum, inv-norm transformed); eosinophil (fraction, mean, inv-norm transformed); Asthma; neutrophil (fraction, minimum, inv-norm transformed); eosinophil (absolute count, minimum, inv-norm transformed)		7E-44; 7E-24; 9E-26; 6E-52; 6E-17; 2E-22; 1E-18; 1E-85; 5E-21; 2E-35
rs1569723	CD40	ENSG00000101017	upstream_gene_variant	MODIFIER	ENST00000372285.8	protein_coding	YES	NM_001250.6	-	-	-	-	1.958	-	1	23894628,27156530,27336838,31217170,21383967,20405052,23326239,25645453,27171184,22661644,24917882,20362272,20018027,20018074,24449572,22021740,19644859,34064199,26182267,19525955,23613777,26474561,33968033,34867801,25991924,28067908,36459455,32514122,36924079,33904890,31727947,28278299,26508701,23128233,25786114,30468043,34830213,31275907,28369058,35095936,33692975,36164340,26255561,20018091,20832869,22446961,30038396,34594039,38412862,38154582,40775473,40734997,39789286	APP/CD40LG_protein_level_ratio+NHGRI-EBI_GWAS_catalog+rs1569723,Bipolar_disorder_or_Crohn's_disease_MTAG+NHGRI-EBI_GWAS_catalog+rs1569723,Bipolar_disorder_or_inflammatory_bowel_disease_MTAG+NHGRI-EBI_GWAS_catalog+rs1569723,Blood_protein_levels_in_cardiovascular_risk+NHGRI-EBI_GWAS_catalog+rs1569723,CCL5/CD40LG_protein_level_ratio+NHGRI-EBI_GWAS_catalog+rs1569723,CD2AP/TRAF2_protein_level_ratio+NHGRI-EBI_GWAS_catalog+rs1569723,CD40/CD40LG_protein_level_ratio+NHGRI-EBI_GWAS_catalog+rs1569723,CD40/CRELD2_protein_level_ratio+NHGRI-EBI_GWAS_catalog+rs1569723,CD40/F11R_protein_level_ratio+NHGRI-EBI_GWAS_catalog+rs1569723,CD40/GLOD4_protein_level_ratio+NHGRI-EBI_GWAS_catalog+rs1569723,CD40/IGSF8_protein_level_ratio+NHGRI-EBI_GWAS_catalog+rs1569723,CD40/ITGB5_protein_level_ratio+NHGRI-EBI_GWAS_catalog+rs1569723,CD40LG/EGF_protein_level_ratio+NHGRI-EBI_GWAS_catalog+rs1569723,CD40LG/EREG_protein_level_ratio+NHGRI-EBI_GWAS_catalog+rs1569723,CD40LG/FIS1_protein_level_ratio+NHGRI-EBI_GWAS_catalog+rs1569723,CD40LG/GP6_protein_level_ratio+NHGRI-EBI_GWAS_catalog+rs1569723,CD40LG/LAT_protein_level_ratio+NHGRI-EBI_GWAS_catalog+rs1569723,CD40LG/LYN_protein_level_ratio+NHGRI-EBI_GWAS_catalog+rs1569723,CD40LG/MPIG6B_protein_level_ratio+NHGRI-EBI_GWAS_catalog+rs1569723,CD40LG/SERPINE1_protein_level_ratio+NHGRI-EBI_GWAS_catalog+rs1569723,CD40LG/TNFSF14_protein_level_ratio+NHGRI-EBI_GWAS_catalog+rs1569723,CD40/TNFRSF14_protein_level_ratio+NHGRI-EBI_GWAS_catalog+rs1569723,CD40/VSIR_protein_level_ratio+NHGRI-EBI_GWAS_catalog+rs1569723,Crohn's_disease+NHGRI-EBI_GWAS_catalog+rs1569723,FCRL1_protein_levels+NHGRI-EBI_GWAS_catalog+rs1569723,Graves'_disease+NHGRI-EBI_GWAS_catalog+rs1569723,Graves'_disease+NHGRI-EBI_GWAS_catalog+rs1569723,Highest_math_class_taken_MTAG+NHGRI-EBI_GWAS_catalog+rs1569723,Highest_math_class_taken+NHGRI-EBI_GWAS_catalog+rs1569723,Inflammatory_bowel_disease+NHGRI-EBI_GWAS_catalog+rs1569723,Inflammatory_bowel_disease+NHGRI-EBI_GWAS_catalog+rs1569723,Kawasaki_disease+NHGRI-EBI_GWAS_catalog+rs1569723,TRAF2/WWP2_protein_level_ratio+NHGRI-EBI_GWAS_catalog+rs1569723	1f	0.55436	TRUE	TRUE	TRUE	Blood protein levels in cardiovascular risk; Highest math class taken; Highest math class taken (MTAG); Inflammatory bowel disease; Crohn's disease; Kawasaki disease; Graves' disease; TRAF2/WWP2 protein level ratio; FCRL1 protein levels; Bipolar disorder or Crohn's disease (MTAG); Bipolar disorder or inflammatory bowel disease (MTAG); APP/CD40LG protein level ratio; CD2AP/TRAF2 protein level ratio; CCL5/CD40LG protein level ratio; CD40/CD40LG protein level ratio; CD40/CRELD2 protein level ratio; CD40/F11R protein level ratio; CD40/GLOD4 protein level ratio; CD40/IGSF8 protein level ratio; CD40/ITGB5 protein level ratio; CD40LG/EGF protein level ratio; CD40LG/EREG protein level ratio; CD40LG/FIS1 protein level ratio; CD40LG/GP6 protein level ratio; CD40LG/LAT protein level ratio; CD40LG/LYN protein level ratio; CD40LG/MPIG6B protein level ratio; CD40LG/SERPINE1 protein level ratio; CD40LG/TNFSF14 protein level ratio; CD40/TNFRSF14 protein level ratio; CD40/VSIR protein level ratio	CD40; Intergenic; CD40, SLC12A5, NCOA5; CD40, MMP9, PLTP; 	2E-121; 9E-9; 3E-14; 2E-6; 2E-7; 6E-9; 1E-13; 4E-9; 5E-26; 1E-17; 9E-17; 8E-10; 1E-9; 2E-142; 2E-25; 3E-73; 2E-757; 2E-808; 4E-1446; 7E-1035; 2E-1075; 3E-976; 5E-108; 3E-112; 9E-76; 3E-84; 2E-116; 3E-63; 3E-91; 1E-143; 2E-101; 1E-1183; 3E-991; 1E-8; 2E-12
rs1616369	MECP2	ENSG00000169057	intron_variant	MODIFIER	ENST00000453960.7	protein_coding	YES	NM_001110792.2	-	-	-	-	0.930	-	-	22904263	MECP2-related_chromosome_Xq28_duplication_syndrome+G2P+ENSG00000169057,MECP2-related_encephalopathy_neonatal_severe+G2P+ENSG00000169057,MECP2-related_Rett_syndrome+G2P+ENSG00000169057,MECP2-related_syndromic_intellectual_developmental_disorder__Lubs_type+G2P+ENSG00000169057,Rett_Syndrome+GenCC+ENSG00000169057,AUTISM__SUSCEPTIBILITY_TO__X-LINKED_3+MIM_morbid+ENSG00000169057,ENCEPHALOPATHY__NEONATAL_SEVERE__DUE_TO_MECP2_MUTATIONS+MIM_morbid+ENSG00000169057,INTELLECTUAL_DEVELOPMENTAL_DISORDER__X-LINKED__SYNDROMIC_13+MIM_morbid+ENSG00000169057,INTELLECTUAL_DEVELOPMENTAL_DISORDER__X-LINKED__SYNDROMIC__LUBS_TYPE+MIM_morbid+ENSG00000169057,Rett_Syndrome+MIM_morbid+ENSG00000169057,Atypical_Rett_syndrome+Orphanet+ENSG00000169057,MECP2-related_encephalopathy_neonatal_severe+Orphanet+ENSG00000169057,Proximal_Xq28_duplication_syndrome+Orphanet+ENSG00000169057,Rett_Syndrome+Orphanet+ENSG00000169057,Systemic_lupus_erythematosus+Orphanet+ENSG00000169057,X-linked_intellectual_disability-psychosis-macroorchidism_syndrome+Orphanet+ENSG00000169057,X-linked_non-syndromic_intellectual_disability+Orphanet+ENSG00000169057	1f	0.55436	TRUE	TRUE	TRUE			
rs16874680	-	-	intergenic_variant	MODIFIER	-	-	-	-	-	-	-	-	0.761	-	-	-	-	4	0.60906	FALSE	TRUE	TRUE			
rs17484848	BCL2L11	ENSG00000153094	intron_variant	MODIFIER	ENST00000393256.8	protein_coding	YES	NM_138621.5	-	-	-	-	0.836	-	1	19626699,20855536,22347493,34021172,27863252,38352709	A_body_shape_index+NHGRI-EBI_GWAS_catalog+rs17484848,Eosinophil_count+NHGRI-EBI_GWAS_catalog+rs17484848,Eosinophil_percentage_of_granulocytes+NHGRI-EBI_GWAS_catalog+rs17484848,Eosinophil_percentage_of_white_cells+NHGRI-EBI_GWAS_catalog+rs17484848,Neutrophil_percentage_of_granulocytes+NHGRI-EBI_GWAS_catalog+rs17484848,Sum_eosinophil_basophil_counts+NHGRI-EBI_GWAS_catalog+rs17484848	1f	0.55324	TRUE	TRUE	FALSE	Eosinophil count; Eosinophil percentage of white cells; Neutrophil percentage of granulocytes; Sum eosinophil basophil counts; Eosinophil percentage of granulocytes; A body shape index	BCL2L11	1E-26; 1E-30; 6E-31; 3E-24; 9E-32; 1E-10
rs1883832	CD40	ENSG00000101017	5_prime_UTR_variant	MODIFIER	ENST00000372285.8	protein_coding	YES	NM_001250.6	-	-	-	-	12.27	-	1,1,1	27454254,26355258,24033266,20357209,22135769,31217170,35088123,21658613,34871197,23166616,26843965,22242199,26986131,33224992,25645453,26632378,26974007,32929287,22654555,27014188,29214033,18794853,32419081,35470158,31475028,18045485,26901523,27461004,27630202,27255376,29085334,30223781,33584705,27200368,32343055,36011296,32111053,27094978,25802187,27244555,28429786,29404438,29262579,29451182,34064199,19159017,32110891,31570051,20504251,22640629,34604057,33106546,30014611,22302395,34491321,25600834,26289938,26957242,28590502,24828072,22731751,23613777,31615434,26474561,33968033,21912605,28181356,18097708,18287517,18591382,20473910,20577873,20682661,21091218,22077624,22087016,23256180,24912008,25305459,25373542,26545336,27578014,27875792,28320398,29254239,29780830,30374748,30511624,30847685,30924686,30956635,31183392,31373353,31642196,31722420,32018016,32507051,34867801,35920091,31932686,36333501,31083420,28951201,29282121,33222560,35545683,35513612,27731400,28877560,34981746,26068105,21976957,31309183,3524224	Hyper-IgM_syndrome_type_3+GenCC+ENSG00000101017,IMMUNODEFICIENCY_WITH_HYPER-IgM__TYPE_3+MIM_morbid+ENSG00000101017,Hyper-IgM_syndrome_type_3+Orphanet+ENSG00000101017,ClinVar:_phenotype_not_specified+ClinVar+rs1883832,ClinVar:_phenotype_not_specified+ClinVar+rs1883832,Hyper-IgM_syndrome_type_3+ClinVar+rs1883832,CD20_on_IgD-_CD27-_B_cell+NHGRI-EBI_GWAS_catalog+rs1883832,CD25_on_IgD-_CD27-_B_cell+NHGRI-EBI_GWAS_catalog+rs1883832,CD27_on_CD24%2B_CD27+_B_cell+NHGRI-EBI_GWAS_catalog+rs1883832,CD27_on_IgD%2B_CD24+_B_cell+NHGRI-EBI_GWAS_catalog+rs1883832,CD27_on_IgD-_CD38%2B_B_cell+NHGRI-EBI_GWAS_catalog+rs1883832,CD27_on_IgD-_CD38%2B_B_cell+NHGRI-EBI_GWAS_catalog+rs1883832,CD27_on_IgD-_CD38dim_B_cell+NHGRI-EBI_GWAS_catalog+rs1883832,CD27_on_memory_B_cell+NHGRI-EBI_GWAS_catalog+rs1883832,CD27_on_switched_memory_B_cell+NHGRI-EBI_GWAS_catalog+rs1883832,CD40L_receptor_levels+NHGRI-EBI_GWAS_catalog+rs1883832,Chronic_hepatitis_B_infection+NHGRI-EBI_GWAS_catalog+rs1883832,Chronic_inflammatory_diseases__ankylosing_spondylitis__Crohn's_disease__psoriasis__primary_sclerosing_cholangitis__ulcerative_colitis___pleiotropy_+NHGRI-EBI_GWAS_catalog+rs1883832,Crohn's_disease+NHGRI-EBI_GWAS_catalog+rs1883832,Crohn's_disease+NHGRI-EBI_GWAS_catalog+rs1883832,Crohn's_disease_vs_rheumatoid_arthritis_ordinary_least_squares_OLS+NHGRI-EBI_GWAS_catalog+rs1883832,Inflammatory_bowel_disease+NHGRI-EBI_GWAS_catalog+rs1883832,INSOMNIA+NHGRI-EBI_GWAS_catalog+rs1883832,Kawasaki_disease+NHGRI-EBI_GWAS_catalog+rs1883832,Rheumatoid_arthritis__ACPA-positive_+NHGRI-EBI_GWAS_catalog+rs1883832,Rheumatoid_arthritis+NHGRI-EBI_GWAS_catalog+rs1883832,Rheumatoid_arthritis+NHGRI-EBI_GWAS_catalog+rs1883832,Rheumatoid_arthritis__rheumatoid_factor_and/or_anti-cyclic_citrullinated_peptide_seropositive_+NHGRI-EBI_GWAS_catalog+rs1883832,Rheumatoid_arthritis__rheumatoid_factor_and/or_anti-cyclic_citrullinated_peptide_seropositive_+NHGRI-EBI_GWAS_catalog+rs1883832	1f	0.55436	TRUE	TRUE	TRUE	Chronic hepatitis B infection; Chronic inflammatory diseases (ankylosing spondylitis, Crohn's disease, psoriasis, primary sclerosing cholangitis, ulcerative colitis) (pleiotropy); Rheumatoid arthritis (ACPA-positive); CD20 on IgD- CD27- B cell; CD25 on IgD- CD27- B cell; CD27 on IgD- CD38dim B cell; CD27 on memory B cell; CD27 on switched memory B cell; CD27 on CD24+ CD27+ B cell; CD27 on IgD+ CD24+ B cell; CD27 on IgD- CD38- B cell; CD27 on IgD- CD38+ B cell; Kawasaki disease; Insomnia; Rheumatoid arthritis; Rheumatoid arthritis (rheumatoid factor and/or anti-cyclic citrullinated peptide seropositive); CD40L receptor levels; Inflammatory bowel disease; Crohn's disease; Crohn's disease vs rheumatoid arthritis (ordinary least squares (OLS))	CD40; 	3E-15; 4E-12; 2E-13; 5E-13; 3E-19; 6E-147; 2E-87; 3E-118; 8E-120; 3E-83; 4E-75; 4E-8; 8E-10; 9E-10; 3E-13; 1E-17; 4E-21; 3E-12; 3E-282; 3E-9; 3E-8; 1E-13; 6E-6; 1E-8; 1E-16; 9E-15
rs1884352	RERE	ENSG00000142599	intron_variant	MODIFIER	ENST00000400908.7	protein_coding	YES	NM_001042681.2	-	-	-	-	2.580	-	1,1	30643256	RERE-related_phenocopy_of_proximal_1p36_deletions+G2P+ENSG00000142599,Complex_neurodevelopmental_disorder_with_or_without_congenital_anomalies+GenCC+ENSG00000142599,NEURODEVELOPMENTAL_DISORDER_WITH_OR_WITHOUT_ANOMALIES_OF_THE_BRAIN__EYE__OR_HEART+GenCC+ENSG00000142599,NEURODEVELOPMENTAL_DISORDER_WITH_OR_WITHOUT_ANOMALIES_OF_THE_BRAIN__EYE__OR_HEART+MIM_morbid+ENSG00000142599,1p36_deletion_syndrome+Orphanet+ENSG00000142599,RERE-related_neurodevelopmental_syndrome+Orphanet+ENSG00000142599,Depressive_symptoms+NHGRI-EBI_GWAS_catalog+rs1884352,Neuroticism+NHGRI-EBI_GWAS_catalog+rs1884352,Positive_affect+NHGRI-EBI_GWAS_catalog+rs1884352	1f	0.55436	TRUE	TRUE	TRUE	Neuroticism; Depressive symptoms; Positive affect	NR	1E-11; 8E-12
rs1934138	RERE	ENSG00000142599	intron_variant	MODIFIER	ENST00000400908.7	protein_coding	YES	NM_001042681.2	-	-	-	-	1.178	-	-	-	RERE-related_phenocopy_of_proximal_1p36_deletions+G2P+ENSG00000142599,Complex_neurodevelopmental_disorder_with_or_without_congenital_anomalies+GenCC+ENSG00000142599,NEURODEVELOPMENTAL_DISORDER_WITH_OR_WITHOUT_ANOMALIES_OF_THE_BRAIN__EYE__OR_HEART+GenCC+ENSG00000142599,NEURODEVELOPMENTAL_DISORDER_WITH_OR_WITHOUT_ANOMALIES_OF_THE_BRAIN__EYE__OR_HEART+MIM_morbid+ENSG00000142599,1p36_deletion_syndrome+Orphanet+ENSG00000142599,RERE-related_neurodevelopmental_syndrome+Orphanet+ENSG00000142599	7	0.51392	TRUE	FALSE	FALSE			
rs2016084	RERE	ENSG00000142599	intron_variant	MODIFIER	ENST00000400908.7	protein_coding	YES	NM_001042681.2	-	-	-	-	2.722	-	-	-	RERE-related_phenocopy_of_proximal_1p36_deletions+G2P+ENSG00000142599,Complex_neurodevelopmental_disorder_with_or_without_congenital_anomalies+GenCC+ENSG00000142599,NEURODEVELOPMENTAL_DISORDER_WITH_OR_WITHOUT_ANOMALIES_OF_THE_BRAIN__EYE__OR_HEART+GenCC+ENSG00000142599,NEURODEVELOPMENTAL_DISORDER_WITH_OR_WITHOUT_ANOMALIES_OF_THE_BRAIN__EYE__OR_HEART+MIM_morbid+ENSG00000142599,1p36_deletion_syndrome+Orphanet+ENSG00000142599,RERE-related_neurodevelopmental_syndrome+Orphanet+ENSG00000142599	1b	0.68148	TRUE	TRUE	TRUE			
rs2024568	RPL13P2	ENSG00000213820	downstream_gene_variant	MODIFIER	ENST00000440687.1	processed_pseudogene	YES	-	-	-	-	-	0.112	-	1	37085903,32061372,36282535,30038396,37528461	Cognitive_performance_MTAG+NHGRI-EBI_GWAS_catalog+rs2024568,Educational_attainment_MTAG+NHGRI-EBI_GWAS_catalog+rs2024568,Educational_attainment__years_of_education_+NHGRI-EBI_GWAS_catalog+rs2024568,Irritable_bowel_syndrome_MTAG+NHGRI-EBI_GWAS_catalog+rs2024568	1d	0.948	TRUE	TRUE	TRUE	Educational attainment (years of education); Cognitive performance (MTAG); Educational attainment (MTAG); Irritable bowel syndrome (MTAG)	; Intergenic	2E-9; 4E-9; 6E-13; 2E-10
rs2170167	LINC01301	ENSG00000251396	intron_variant,non_coding_transcript_variant	MODIFIER	ENST00000530725.6	lncRNA	YES	-	-	-	-	-	1.539	-	-	-	-	6	0.28784	TRUE	FALSE	FALSE			
rs2241718	CCDC97	ENSG00000142039	3_prime_UTR_variant	MODIFIER	ENST00000269967.4	protein_coding	YES	NM_052848.3	-	-	-	-	11.95	-	0,1	23267696,18676870,16456143,27193053,27386823,24142982,22000099,15175276,18281501,18670143,21556788,28784933,32240778,23333936,33983456,26623030,24256364,23734748,23597094,22767148,23936167,35721789,19036616	TGFB1-related_Camurati-Engelmann_disease+G2P+ENSG00000105329,CAMURATI-ENGELMANN_DISEASE+GenCC+ENSG00000105329,INFLAMMATORY_BOWEL_DISEASE__IMMUNODEFICIENCY__AND_ENCEPHALOPATHY+GenCC+ENSG00000105329,CAMURATI-ENGELMANN_DISEASE+MIM_morbid+ENSG00000105329,Cystic_Fibrosis+MIM_morbid+ENSG00000105329,INFLAMMATORY_BOWEL_DISEASE__IMMUNODEFICIENCY__AND_ENCEPHALOPATHY+MIM_morbid+ENSG00000105329,CAMURATI-ENGELMANN_DISEASE+Orphanet+ENSG00000105329,Cystic_Fibrosis+Orphanet+ENSG00000105329,Infantile_inflammatory_bowel_disease_with_neurological_involvement+Orphanet+ENSG00000105329	1f	0.55436	TRUE	TRUE	TRUE			
rs2304256	TYK2	ENSG00000105397	missense_variant	MODERATE	ENST00000525621.6	protein_coding	YES	NM_003331.5	-	-	tolerated(0.24)	benign(0.022)	7.337	benign	1,1,1	25741868,24033266,25147926,18270328,23227085,19604093,15657875,20392289,19442287,19714582,23049788,22541939,24653663,35382527,22536486,30171347,24946689,22046141,33383665,20885991,27399966,21829393,21980299,20112030,28526340,22592861,29071117,34248934,26294277,30214282,19567624,19758313,28973304,28846454,19966805,19653082,25744728,33949620,26980740,31434951,19440814,21140222,23000200,26338038,29728633,31961910,34225445,25849893,19888296,30740104,31792456,36400032,36959416,34563217,29333267,25765185,37188756,34033851,33907838,36232773,36289205,36750564,33536424,28619073,29540798,35650446,35079000,32226409,31561568,29059182,34290741,32727064,35896530,36833332,34340046,25751624,26792821,28774272,27020257,29293537,25760898,28544690,26394269,34130729,37239388,24812289,28959234,33977795,28314753,36672770,24497872,29369915,29304122,36605568,36973792,30524468,35196350,32942706,36327221,24678775,26242990,26912320,34439323,36675784,26502338,22961000,24416080,22222816,36762574,37715206,37813633,37504294,38354910,3867305	IMMUNODEFICIENCY_35+GenCC+ENSG00000105397,IMMUNODEFICIENCY_35+MIM_morbid+ENSG00000105397,Lymphomatoid_papulosis+Orphanet+ENSG00000105397,Primary_cutaneous_anaplastic_large_cell_lymphoma+Orphanet+ENSG00000105397,Susceptibility_to_infection_due_to_TYK2_deficiency+Orphanet+ENSG00000105397,ClinVar:_phenotype_not_specified+ClinVar+rs2304256,ClinVar:_phenotype_not_specified+ClinVar+rs2304256,IMMUNODEFICIENCY_35+ClinVar+rs2304256,COVID-19_hospitalization_or_rheumatoid_arthritis_MTAG+NHGRI-EBI_GWAS_catalog+rs2304256,COVID-19_hospitalized_covid_vs_population+NHGRI-EBI_GWAS_catalog+rs2304256,COVID-19_infection_or_rheumatoid_arthritis_MTAG+NHGRI-EBI_GWAS_catalog+rs2304256,Leukocyte_telomere_length_or_COVID-19_hospitalization_MTAG+NHGRI-EBI_GWAS_catalog+rs2304256,Leukocyte_telomere_length_or_COVID-19_infection_MTAG+NHGRI-EBI_GWAS_catalog+rs2304256,Leukocyte_telomere_length_or_severe_COVID-19_infection_MTAG+NHGRI-EBI_GWAS_catalog+rs2304256,Primary_biliary_cholangitis+NHGRI-EBI_GWAS_catalog+rs2304256,Primary_biliary_cholangitis+NHGRI-EBI_GWAS_catalog+rs2304256,Severe_COVID-19_or_rheumatoid_arthritis_MTAG+NHGRI-EBI_GWAS_catalog+rs2304256,Systemic_lupus_erythematosus+NHGRI-EBI_GWAS_catalog+rs2304256,Systemic_lupus_erythematosus+NHGRI-EBI_GWAS_catalog+rs2304256,Systemic_lupus_erythematosus_MTAG+NHGRI-EBI_GWAS_catalog+rs2304256,Type_1_diabetes+NHGRI-EBI_GWAS_catalog+rs2304256,Type_1_diabetes+NHGRI-EBI_GWAS_catalog+rs2304256	1f	0.55436	TRUE	TRUE	TRUE	Systemic lupus erythematosus; Primary biliary cholangitis; Type 1 diabetes; Leukocyte telomere length or COVID-19 infection (MTAG); Leukocyte telomere length or COVID-19 hospitalization (MTAG); Leukocyte telomere length or severe COVID-19 infection (MTAG); COVID-19 (hospitalized covid vs population); COVID-19 hospitalization or rheumatoid arthritis (MTAG); Severe COVID-19 or rheumatoid arthritis (MTAG); Systemic lupus erythematosus (MTAG); COVID-19 infection or rheumatoid arthritis (MTAG)	TYK2; 	2E-12; 4E-13; 1E-10; 4E-9; 4E-10; 7E-20; 4E-23; 3E-18; 3E-28; 9E-33; 9E-35; 3E-13; 4E-17
rs28535455	LBH	ENSG00000213626	intron_variant	MODIFIER	ENST00000404397.6	protein_coding	-	-	-	-	-	-	0.704	-	-	-	-	5	0.00125	FALSE	FALSE	TRUE			
rs2874185	NAF1	ENSG00000145414	downstream_gene_variant	MODIFIER	ENST00001110702.1	protein_coding	-	-	-	-	-	-	0.136	-	-	-	-	1b	0.54842	TRUE	TRUE	TRUE			
rs301799	RERE	ENSG00000142599	intron_variant	MODIFIER	ENST00000400908.7	protein_coding	YES	NM_001042681.2	-	-	-	-	0.136	-	1	33777823,34122544,35886042,32616021,31835028,31926635,30718901,36044740,36313469,35399300,35852181,24586183,35043453,25719932,36704746,34259888,32398722,34924174,35604428,38243216,38621580,39024449,40436827	RERE-related_phenocopy_of_proximal_1p36_deletions+G2P+ENSG00000142599,Complex_neurodevelopmental_disorder_with_or_without_congenital_anomalies+GenCC+ENSG00000142599,NEURODEVELOPMENTAL_DISORDER_WITH_OR_WITHOUT_ANOMALIES_OF_THE_BRAIN__EYE__OR_HEART+GenCC+ENSG00000142599,NEURODEVELOPMENTAL_DISORDER_WITH_OR_WITHOUT_ANOMALIES_OF_THE_BRAIN__EYE__OR_HEART+MIM_morbid+ENSG00000142599,1p36_deletion_syndrome+Orphanet+ENSG00000142599,RERE-related_neurodevelopmental_syndrome+Orphanet+ENSG00000142599,Anorexia_nervosa__attention-deficit/hyperactivity_disorder__autism_spectrum_disorder__bipolar_disorder__major_depression__obsessive-compulsive_disorder__schizophrenia__or_Tourette_syndrome_pleiotropy+NHGRI-EBI_GWAS_catalog+rs301799,Bipolar_disorder_or_major_depressive_disorder+NHGRI-EBI_GWAS_catalog+rs301799,Depression+NHGRI-EBI_GWAS_catalog+rs301799,Depression+NHGRI-EBI_GWAS_catalog+rs301799,eosinophil_fraction__maximum__inv-norm_transformed+NHGRI-EBI_GWAS_catalog+rs301799,eosinophil_fraction__mean__inv-norm_transformed+NHGRI-EBI_GWAS_catalog+rs301799,eosinophil_fraction__minimum__inv-norm_transformed+NHGRI-EBI_GWAS_catalog+rs301799,Physical_activity_Total_log_acceleration_6pm-8pm+NHGRI-EBI_GWAS_catalog+rs301799,Systolic_blood_pressure+NHGRI-EBI_GWAS_catalog+rs301799,Thyroid_peroxidase_antibody_positivity+NHGRI-EBI_GWAS_catalog+rs301799	1f	0.22271	TRUE	FALSE	TRUE	Depression; Anorexia nervosa, attention-deficit/hyperactivity disorder, autism spectrum disorder, bipolar disorder, major depression, obsessive-compulsive disorder, schizophrenia, or Tourette syndrome (pleiotropy); Bipolar disorder or major depressive disorder; Thyroid peroxidase antibody positivity; eosinophil (fraction, maximum, inv-norm transformed); eosinophil (fraction, minimum, inv-norm transformed); eosinophil (fraction, mean, inv-norm transformed); Systolic blood pressure; Physical activity (Total log acceleration 6pm-8pm)	NR; RERE, SLC45A1; 	4E-31; 2E-8; 1E-6; 3E-6; 4E-18; 4E-11; 1E-20; 1E-14; 4E-14; 2E-9
rs301806	RERE	ENSG00000142599	intron_variant	MODIFIER	ENST00000400908.7	protein_coding	YES	NM_001042681.2	-	-	-	-	0.048	-	1,1	29134650,30774349,31692503,30239722,30814976,27479909,36477530,36750564,30105890,37197658,37085903,29505938,29083406,31361310,28509901,29292387,30595370,30643256,30804565,32231276,36803612,37867527,38965376,37857935	RERE-related_phenocopy_of_proximal_1p36_deletions+G2P+ENSG00000142599,Complex_neurodevelopmental_disorder_with_or_without_congenital_anomalies+GenCC+ENSG00000142599,NEURODEVELOPMENTAL_DISORDER_WITH_OR_WITHOUT_ANOMALIES_OF_THE_BRAIN__EYE__OR_HEART+GenCC+ENSG00000142599,NEURODEVELOPMENTAL_DISORDER_WITH_OR_WITHOUT_ANOMALIES_OF_THE_BRAIN__EYE__OR_HEART+MIM_morbid+ENSG00000142599,1p36_deletion_syndrome+Orphanet+ENSG00000142599,RERE-related_neurodevelopmental_syndrome+Orphanet+ENSG00000142599,Allergic_disease__asthma__hay_fever_or_eczema_+NHGRI-EBI_GWAS_catalog+rs301806,Body_fat_percentage_adjusted_for_testosterone_and_SHBG+NHGRI-EBI_GWAS_catalog+rs301806,Depressive_symptomatology_confirmatory_factor_analysis_Factor_2+NHGRI-EBI_GWAS_catalog+rs301806,Depressive_symptoms__MTAG_+NHGRI-EBI_GWAS_catalog+rs301806,Ease_of_getting_up_in_the_morning+NHGRI-EBI_GWAS_catalog+rs301806,Eczema+NHGRI-EBI_GWAS_catalog+rs301806,Hay_fever_and/or_eczema+NHGRI-EBI_GWAS_catalog+rs301806,Irritable_bowel_syndrome_MTAG+NHGRI-EBI_GWAS_catalog+rs301806,MAJOR_DEPRESSIVE_DISORDER+NHGRI-EBI_GWAS_catalog+rs301806,Neuroticism+NHGRI-EBI_GWAS_catalog+rs301806,Smoking_initiation+NHGRI-EBI_GWAS_catalog+rs301806,Systemic_lupus_erythematosus_MTAG+NHGRI-EBI_GWAS_catalog+rs301806,Waist-hip_ratio+NHGRI-EBI_GWAS_catalog+rs301806,Well-being_spectrum__multivariate_analysis_+NHGRI-EBI_GWAS_catalog+rs301806	1f	0.66703	TRUE	TRUE	TRUE	Depressive symptoms (MTAG); Allergic disease (asthma, hay fever or eczema); Well-being spectrum (multivariate analysis); Ease of getting up in the morning; Waist-hip ratio; Eczema; Hay fever and/or eczema; Neuroticism; Major depressive disorder; Depressive symptomatology (confirmatory factor analysis Factor 2); Body fat percentage (adjusted for testosterone and SHBG); Irritable bowel syndrome (MTAG); Systemic lupus erythematosus (MTAG); Smoking initiation	NR; RERE; 	1E-9; 2E-20; 2E-12; 5E-8; 1E-6; 1E-16; 1E-12; 4E-6; 2E-9; 4E-8; 4E-11; 8E-9; 5E-33
rs301807	RERE	ENSG00000142599	intron_variant	MODIFIER	ENST00000400908.7	protein_coding	YES	NM_001042681.2	-	-	-	-	16.62	-	1	33343616,30643251,36477530,27863252,33462475,27723757,36008553,35935937,29942085,34594039,32606422,36803612,37156939,38369936,39060965,37857935,40436827	RERE-related_phenocopy_of_proximal_1p36_deletions+G2P+ENSG00000142599,Complex_neurodevelopmental_disorder_with_or_without_congenital_anomalies+GenCC+ENSG00000142599,NEURODEVELOPMENTAL_DISORDER_WITH_OR_WITHOUT_ANOMALIES_OF_THE_BRAIN__EYE__OR_HEART+GenCC+ENSG00000142599,NEURODEVELOPMENTAL_DISORDER_WITH_OR_WITHOUT_ANOMALIES_OF_THE_BRAIN__EYE__OR_HEART+MIM_morbid+ENSG00000142599,1p36_deletion_syndrome+Orphanet+ENSG00000142599,RERE-related_neurodevelopmental_syndrome+Orphanet+ENSG00000142599,Depression+NHGRI-EBI_GWAS_catalog+rs301807,Depressive_symptoms+NHGRI-EBI_GWAS_catalog+rs301807,Diastolic_blood_pressure+NHGRI-EBI_GWAS_catalog+rs301807,Diastolic_blood_pressure+NHGRI-EBI_GWAS_catalog+rs301807,Eosinophil_count+NHGRI-EBI_GWAS_catalog+rs301807,Smoking_initiation+NHGRI-EBI_GWAS_catalog+rs301807,Smoking_initiation_ever_regular_vs_never_regular+NHGRI-EBI_GWAS_catalog+rs301807,Smoking_initiation_ever_regular_vs_never_regular_MTAG+NHGRI-EBI_GWAS_catalog+rs301807,Smoking_initiation_MTAG+NHGRI-EBI_GWAS_catalog+rs301807,Sum_eosinophil_basophil_counts+NHGRI-EBI_GWAS_catalog+rs301807,Vitiligo+NHGRI-EBI_GWAS_catalog+rs301807	1f	0.55436	TRUE	TRUE	TRUE	Smoking initiation (ever regular vs never regular) (MTAG); Smoking initiation (ever regular vs never regular); Depression; Vitiligo; Sum eosinophil basophil counts; Depressive symptoms; Diastolic blood pressure; Eosinophil count; Smoking initiation (MTAG); Smoking initiation	NR; RERE; RERE, RP5-1115A15.1; 	4E-14; 3E-12; 1E-10; 4E-15; 3E-11; 8E-16; 1E-12; 6E-11; 9E-10; 3E-33; 3E-34
rs301814	RERE	ENSG00000142599	intron_variant	MODIFIER	ENST00000400908.7	protein_coding	YES	NM_001042681.2	-	-	-	-	0.508	-	-	-	RERE-related_phenocopy_of_proximal_1p36_deletions+G2P+ENSG00000142599,Complex_neurodevelopmental_disorder_with_or_without_congenital_anomalies+GenCC+ENSG00000142599,NEURODEVELOPMENTAL_DISORDER_WITH_OR_WITHOUT_ANOMALIES_OF_THE_BRAIN__EYE__OR_HEART+GenCC+ENSG00000142599,NEURODEVELOPMENTAL_DISORDER_WITH_OR_WITHOUT_ANOMALIES_OF_THE_BRAIN__EYE__OR_HEART+MIM_morbid+ENSG00000142599,1p36_deletion_syndrome+Orphanet+ENSG00000142599,RERE-related_neurodevelopmental_syndrome+Orphanet+ENSG00000142599	1f	0.55436	TRUE	TRUE	TRUE			
rs34725611	TYK2	ENSG00000105397	intron_variant	MODIFIER	ENST00000525621.6	protein_coding	YES	NM_003331.5	-	-	-	-	0.649	benign	1,1	25741868,32778885,25651891,19966805,34290741,26626624,35196350,36327221,28714469,34594039,38239358,38167341,38785955,38915894,39883516,39624492,39370608,37558590,39024449	IMMUNODEFICIENCY_35+GenCC+ENSG00000105397,IMMUNODEFICIENCY_35+MIM_morbid+ENSG00000105397,Lymphomatoid_papulosis+Orphanet+ENSG00000105397,Primary_cutaneous_anaplastic_large_cell_lymphoma+Orphanet+ENSG00000105397,Susceptibility_to_infection_due_to_TYK2_deficiency+Orphanet+ENSG00000105397,ClinVar:_phenotype_not_specified+ClinVar+rs34725611,ClinVar:_phenotype_not_specified+ClinVar+rs34725611,neutrophil_fraction__mean__inv-norm_transformed+NHGRI-EBI_GWAS_catalog+rs34725611,neutrophil_fraction__minimum__inv-norm_transformed+NHGRI-EBI_GWAS_catalog+rs34725611,Psoriasis+NHGRI-EBI_GWAS_catalog+rs34725611,Psoriasis_vulgaris+NHGRI-EBI_GWAS_catalog+rs34725611,Psoriatic_arthritis+NHGRI-EBI_GWAS_catalog+rs34725611,Systemic_lupus_erythematosus+NHGRI-EBI_GWAS_catalog+rs34725611	1f	0.55436	TRUE	TRUE	TRUE	Systemic lupus erythematosus; Psoriatic arthritis; Psoriasis; Psoriasis vulgaris; neutrophil (fraction, mean, inv-norm transformed); neutrophil (fraction, minimum, inv-norm transformed)	TYK2; 	5E-23; 2E-6; 2E-12; 4E-13; 1E-14; 4E-14
rs4150548	GTF2H1	ENSG00000110768	intron_variant	MODIFIER	ENST00000265963.9	protein_coding	YES	NM_005316.4	-	-	-	-	3.435	-	-	22705887	-	7	0.18412	FALSE	FALSE	FALSE			
rs4150599	GTF2H1	ENSG00000110768	intron_variant	MODIFIER	ENST00000265963.9	protein_coding	YES	NM_005316.4	-	-	-	-	1.485	-	-	36578646	-	4	0.60906	FALSE	TRUE	TRUE			
rs4243736	TRAF3	ENSG00000131323	intron_variant	MODIFIER	ENST00000392745.8	protein_coding	YES	NM_145725.3	-	-	-	-	1.325	-	-	-	TRAF3_haploinsufficiency+GenCC+ENSG00000131323,IMMUNODEFICIENCY_132A+MIM_morbid+ENSG00000131323,IMMUNODEFICIENCY_132B+MIM_morbid+ENSG00000131323,Herpes_simplex_virus_encephalitis+Orphanet+ENSG00000131323	1f	0.22271	TRUE	FALSE	TRUE			
rs4295216	-	-	intergenic_variant	MODIFIER	-	-	-	-	-	-	-	-	0.194	-	-	-	-	1f	0.03154	TRUE	FALSE	TRUE			
rs4485770	NAF1	ENSG00000145414	downstream_gene_variant	MODIFIER	ENST00001110702.1	protein_coding	-	-	-	-	-	-	0.064	-	-	-	-	1f	0.55436	TRUE	TRUE	TRUE			
rs4565036	MIR4454	ENSG00000283468	upstream_gene_variant	MODIFIER	ENST00000638111.1	miRNA	YES	-	-	-	-	-	0.583	-	-	-	-	7	0.51392	TRUE	FALSE	FALSE			
rs4691069	NAF1	ENSG00000145414	downstream_gene_variant	MODIFIER	ENST00001110702.1	protein_coding	-	-	-	-	-	-	0.105	-	1	39192095	Telomere_length_principal_component_1+NHGRI-EBI_GWAS_catalog+rs4691069	1f	0.55324	TRUE	TRUE	FALSE	Telomere length (principal component 1)		1E-161
rs4691893	NAF1	ENSG00000145414	downstream_gene_variant	MODIFIER	ENST00001110702.1	protein_coding	-	-	-	-	-	-	1.014	-	-	-	-	1f	0.115	TRUE	FALSE	TRUE			
rs4757644	GTF2H1	ENSG00000110768	downstream_gene_variant	MODIFIER	ENST00000265963.9	protein_coding	YES	NM_005316.4	-	-	-	-	0.407	-	-	-	-	1f	0.55436	TRUE	TRUE	TRUE			
rs4810485	CD40	ENSG00000101017	intron_variant	MODIFIER	ENST00000372285.8	protein_coding	YES	NM_001250.6	-	-	-	-	0.963	-	1,1	31217170,35088123,22190364,21931699,20805105,21980439,23251581,23166616,26843965,20453842,20933377,22355377,21383967,32831971,19180477,25034154,23326239,19898481,23049851,33374413,22753952,32929287,22661644,27014188,29214033,35743441,18794853,20075733,20233754,20510233,19435719,20018027,20309874,20439292,20498205,21120996,21156761,21211616,22328738,22508400,23121884,24068971,24449572,34199962,21765104,20426808,27073425,19674979,20219786,20444755,20461788,29085334,35107652,29361022,30559390,23678157,31596875,19644859,34064199,19159017,32110891,31570051,27722794,24828072,22645426,22731751,31615434,26474561,33968033,21912605,28181356,22087016,23256180,25305459,25373542,27578014,27875792,28320398,30511624,30924686,31183392,31642196,32018016,32507051,34867801,35920091,31932686,21645569,21914625,25908480,30878028,32283413,31083420,34720605,35601739,27790002,36253349,31110181,21976957,37108746,25452756,30705524,19302045,36924079,29224679,36902438,27813548,20634952,23143596,30057580,31727947,36437950,30013183,3298420	Hyper-IgM_syndrome_type_3+GenCC+ENSG00000101017,IMMUNODEFICIENCY_WITH_HYPER-IgM__TYPE_3+MIM_morbid+ENSG00000101017,Hyper-IgM_syndrome_type_3+Orphanet+ENSG00000101017,CD27_on_unswitched_memory_B_cell+NHGRI-EBI_GWAS_catalog+rs4810485,CD40_levels+NHGRI-EBI_GWAS_catalog+rs4810485,CD40_protein_levels+NHGRI-EBI_GWAS_catalog+rs4810485,IgD-_CD27-_B_cell_percentB_cell+NHGRI-EBI_GWAS_catalog+rs4810485,IgD-_CD27-_B_cell_percentlymphocyte+NHGRI-EBI_GWAS_catalog+rs4810485,Multiple_sclerosis+NHGRI-EBI_GWAS_catalog+rs4810485,Rheumatoid_arthritis__ACPA-positive_+NHGRI-EBI_GWAS_catalog+rs4810485,Rheumatoid_arthritis+NHGRI-EBI_GWAS_catalog+rs4810485,Rheumatoid_arthritis+NHGRI-EBI_GWAS_catalog+rs4810485,Rheumatoid_arthritis+NHGRI-EBI_GWAS_catalog+rs4810485,Systemic_lupus_erythematosus+NHGRI-EBI_GWAS_catalog+rs4810485,Tumor_necrosis_factor_receptor_superfamily_member_5_levels+NHGRI-EBI_GWAS_catalog+rs4810485	1f	0.55436	TRUE	TRUE	TRUE	Systemic lupus erythematosus; CD40 levels; Rheumatoid arthritis; Rheumatoid arthritis (ACPA-positive); Multiple sclerosis; IgD- CD27- B cell %lymphocyte; IgD- CD27- B cell %B cell; CD27 on unswitched memory B cell; Tumor necrosis factor receptor superfamily member 5 levels; CD40 protein levels	NCOA5, CD40; ; CD40	1E-8; 5E-19; 8E-9; 3E-9; 9E-11; 2E-7; 8E-16; 5E-33; 7E-50; 6E-78; 1E-414; 6E-16
rs4908505	RERE	ENSG00000142599	intron_variant	MODIFIER	ENST00000400908.7	protein_coding	YES	NM_001042681.2	-	-	-	-	0.166	-	-	-	RERE-related_phenocopy_of_proximal_1p36_deletions+G2P+ENSG00000142599,Complex_neurodevelopmental_disorder_with_or_without_congenital_anomalies+GenCC+ENSG00000142599,NEURODEVELOPMENTAL_DISORDER_WITH_OR_WITHOUT_ANOMALIES_OF_THE_BRAIN__EYE__OR_HEART+GenCC+ENSG00000142599,NEURODEVELOPMENTAL_DISORDER_WITH_OR_WITHOUT_ANOMALIES_OF_THE_BRAIN__EYE__OR_HEART+MIM_morbid+ENSG00000142599,1p36_deletion_syndrome+Orphanet+ENSG00000142599,RERE-related_neurodevelopmental_syndrome+Orphanet+ENSG00000142599	1f	0.55436	TRUE	TRUE	TRUE			
rs509641	TREHP1	ENSG00000255239	intron_variant,non_coding_transcript_variant	MODIFIER	ENST00000531328.2	transcribed_unprocessed_pseudogene	YES	-	-	-	-	-	1.596	-	-	-	-	1f	0.55436	TRUE	TRUE	TRUE			
rs516153	TREHP1	ENSG00000255239	upstream_gene_variant	MODIFIER	ENST00000531328.2	transcribed_unprocessed_pseudogene	YES	-	-	-	-	-	3.124	-	-	-	-	1b	1	TRUE	TRUE	TRUE			
rs555356	TREHP1	ENSG00000255239	downstream_gene_variant	MODIFIER	ENST00000531328.2	transcribed_unprocessed_pseudogene	YES	-	-	-	-	-	1.404	-	-	-	-	1f	0.55436	TRUE	TRUE	TRUE			
rs5986957	MECP2	ENSG00000169057	intron_variant,non_coding_transcript_variant	MODIFIER	ENST00000631210.1	protein_coding_CDS_not_defined	-	-	-	-	-	-	1.183	-	-	-	MECP2-related_chromosome_Xq28_duplication_syndrome+G2P+ENSG00000169057,MECP2-related_encephalopathy_neonatal_severe+G2P+ENSG00000169057,MECP2-related_Rett_syndrome+G2P+ENSG00000169057,MECP2-related_syndromic_intellectual_developmental_disorder__Lubs_type+G2P+ENSG00000169057,Rett_Syndrome+GenCC+ENSG00000169057,AUTISM__SUSCEPTIBILITY_TO__X-LINKED_3+MIM_morbid+ENSG00000169057,ENCEPHALOPATHY__NEONATAL_SEVERE__DUE_TO_MECP2_MUTATIONS+MIM_morbid+ENSG00000169057,INTELLECTUAL_DEVELOPMENTAL_DISORDER__X-LINKED__SYNDROMIC_13+MIM_morbid+ENSG00000169057,INTELLECTUAL_DEVELOPMENTAL_DISORDER__X-LINKED__SYNDROMIC__LUBS_TYPE+MIM_morbid+ENSG00000169057,Rett_Syndrome+MIM_morbid+ENSG00000169057,Atypical_Rett_syndrome+Orphanet+ENSG00000169057,MECP2-related_encephalopathy_neonatal_severe+Orphanet+ENSG00000169057,Proximal_Xq28_duplication_syndrome+Orphanet+ENSG00000169057,Rett_Syndrome+Orphanet+ENSG00000169057,Systemic_lupus_erythematosus+Orphanet+ENSG00000169057,X-linked_intellectual_disability-psychosis-macroorchidism_syndrome+Orphanet+ENSG00000169057,X-linked_non-syndromic_intellectual_disability+Orphanet+ENSG00000169057	1f	0.55436	TRUE	TRUE	TRUE			
rs603035	RAB2A	ENSG00000104388	intron_variant	MODIFIER	ENST00000262646.12	protein_coding	YES	NM_002865.3	-	-	-	-	2.485	-	-	-	-	1f	0.55324	TRUE	TRUE	FALSE			
rs6032662	-	ENSG00000298900	intron_variant,non_coding_transcript_variant	MODIFIER	ENST00000758803.1	lncRNA	YES	-	-	-	-	-	1.752	-	1	35088123,27338350,32398702,32110891,36369345,31110181,25239882,30877925,23143596,31727947,23696745,31604244,36648967,39707004,40839671	Multiple_sclerosis+NHGRI-EBI_GWAS_catalog+rs6032662,Rheumatoid_arthritis__ACPA-positive_+NHGRI-EBI_GWAS_catalog+rs6032662	7	0.51392	TRUE	FALSE	FALSE	Multiple sclerosis; Rheumatoid arthritis (ACPA-positive)	NCOA5; CD40	5E-19; 1E-9
rs613377	TREHP1	ENSG00000255239	downstream_gene_variant	MODIFIER	ENST00000531328.2	transcribed_unprocessed_pseudogene	YES	-	-	-	-	-	0.350	-	-	-	-	7	0.51392	TRUE	FALSE	FALSE	Hypothyroidism		4E-10
rs638805	TREHP1	ENSG00000255239	non_coding_transcript_exon_variant	MODIFIER	ENST00000531328.2	transcribed_unprocessed_pseudogene	YES	-	-	-	-	-	3.456	-	-	-	-	1f	0.55436	TRUE	TRUE	TRUE			
rs6663123	RERE	ENSG00000142599	intron_variant	MODIFIER	ENST00000400908.7	protein_coding	YES	NM_001042681.2	-	-	-	-	0.138	-	-	-	RERE-related_phenocopy_of_proximal_1p36_deletions+G2P+ENSG00000142599,Complex_neurodevelopmental_disorder_with_or_without_congenital_anomalies+GenCC+ENSG00000142599,NEURODEVELOPMENTAL_DISORDER_WITH_OR_WITHOUT_ANOMALIES_OF_THE_BRAIN__EYE__OR_HEART+GenCC+ENSG00000142599,NEURODEVELOPMENTAL_DISORDER_WITH_OR_WITHOUT_ANOMALIES_OF_THE_BRAIN__EYE__OR_HEART+MIM_morbid+ENSG00000142599,1p36_deletion_syndrome+Orphanet+ENSG00000142599,RERE-related_neurodevelopmental_syndrome+Orphanet+ENSG00000142599	1f	0.22271	TRUE	FALSE	TRUE			
rs6674832	RERE	ENSG00000142599	intron_variant	MODIFIER	ENST00000400908.7	protein_coding	YES	NM_001042681.2	-	-	-	-	0.169	-	-	-	RERE-related_phenocopy_of_proximal_1p36_deletions+G2P+ENSG00000142599,Complex_neurodevelopmental_disorder_with_or_without_congenital_anomalies+GenCC+ENSG00000142599,NEURODEVELOPMENTAL_DISORDER_WITH_OR_WITHOUT_ANOMALIES_OF_THE_BRAIN__EYE__OR_HEART+GenCC+ENSG00000142599,NEURODEVELOPMENTAL_DISORDER_WITH_OR_WITHOUT_ANOMALIES_OF_THE_BRAIN__EYE__OR_HEART+MIM_morbid+ENSG00000142599,1p36_deletion_syndrome+Orphanet+ENSG00000142599,RERE-related_neurodevelopmental_syndrome+Orphanet+ENSG00000142599	1f	0.22271	TRUE	FALSE	TRUE			
rs6823527	MIR4454	ENSG00000283468	upstream_gene_variant	MODIFIER	ENST00000638111.1	miRNA	YES	-	-	-	-	-	0.308	-	-	-	-	6	0.10806	TRUE	FALSE	FALSE			
rs7007434	RAB2A	ENSG00000104388	intron_variant	MODIFIER	ENST00000262646.12	protein_coding	YES	NM_002865.3	-	-	-	-	0.584	-	-	-	-	1f	0.55436	TRUE	TRUE	TRUE			
rs7153002	TRAF3	ENSG00000131323	intron_variant	MODIFIER	ENST00000392745.8	protein_coding	YES	NM_145725.3	-	-	-	-	12.72	-	-	-	TRAF3_haploinsufficiency+GenCC+ENSG00000131323,IMMUNODEFICIENCY_132A+MIM_morbid+ENSG00000131323,IMMUNODEFICIENCY_132B+MIM_morbid+ENSG00000131323,Herpes_simplex_virus_encephalitis+Orphanet+ENSG00000131323	1b	0.37667	TRUE	TRUE	TRUE			
rs72704727	TRAF3	ENSG00000131323	intron_variant	MODIFIER	ENST00000392745.8	protein_coding	YES	NM_145725.3	-	-	-	-	0.009	-	-	-	TRAF3_haploinsufficiency+GenCC+ENSG00000131323,IMMUNODEFICIENCY_132A+MIM_morbid+ENSG00000131323,IMMUNODEFICIENCY_132B+MIM_morbid+ENSG00000131323,Herpes_simplex_virus_encephalitis+Orphanet+ENSG00000131323	7	0.51392	TRUE	FALSE	FALSE			
rs72836344	ACOXL-AS1	ENSG00000204581	upstream_gene_variant	MODIFIER	ENST00000376593.2	lncRNA	YES	-	-	-	-	-	7.352	-	1	31669095,32888493	Adult_onset_asthma_and/or_BMI+NHGRI-EBI_GWAS_catalog+rs72836344,Asthma_adult_onset+NHGRI-EBI_GWAS_catalog+rs72836344,Body_Mass_Index+NHGRI-EBI_GWAS_catalog+rs72836344,Neutrophil_count+NHGRI-EBI_GWAS_catalog+rs72836344	1f	0.66703	TRUE	TRUE	TRUE	Body mass index; Adult onset asthma and/or BMI; Asthma (adult onset); Asthma or chronic rhinosinusitis; Asthma; Neutrophil count	NR; 	4E-6; 4E-9; 2E-6; 7E-25; 4E-26; 2E-20
rs72836345	ACOXL-AS1	ENSG00000204581	upstream_gene_variant	MODIFIER	ENST00000376593.2	lncRNA	YES	-	-	-	-	-	6.102	-	1	23908358,32888494,39789286	Neutrophill_percentage_UKB_data_field_30200+NHGRI-EBI_GWAS_catalog+rs72836345,Neutrophil_percentage_of_white_cells+NHGRI-EBI_GWAS_catalog+rs72836345	1f	0.55436	TRUE	TRUE	TRUE	Neutrophill percentage (UKB data field 30200); Neutrophil percentage of white cells	; BCL2L11, AC096670.3	9E-19; 1E-25
rs72836348	BCL2L11	ENSG00000153094	intron_variant	MODIFIER	ENST00000393256.8	protein_coding	YES	NM_138621.5	-	-	-	-	0.646	-	1	32541925,36376304,35213538,38374256,39789286	Cholesterol_to_total_lipids_ratio_in_large_HDL+NHGRI-EBI_GWAS_catalog+rs72836348,Cholesteryl_esters_to_total_lipids_ratio_in_large_HDL+NHGRI-EBI_GWAS_catalog+rs72836348,KIT_protein_levels+NHGRI-EBI_GWAS_catalog+rs72836348,Triglyceride_levels_MTAG+NHGRI-EBI_GWAS_catalog+rs72836348,Type_2_diabetes+NHGRI-EBI_GWAS_catalog+rs72836348	1f	0.55436	TRUE	TRUE	TRUE	Type 2 diabetes; Linoleic acid to total fatty acids percentage; Triglyceride levels (MTAG); Cholesterol to total lipids ratio in large HDL; Cholesteryl esters to total lipids ratio in large HDL; KIT protein levels	NR; 	3E-13; 5E-15; 7E-14; 2E-8; 1E-9; 3E-9; 4E-17
rs72836349	BCL2L11	ENSG00000153094	intron_variant	MODIFIER	ENST00000393256.8	protein_coding	YES	NM_138621.5	-	-	-	-	3.167	-	1	31669095,38632349,40436827	Adult_onset_asthma_and/or_waist-to-hip_ratio_adjusted_for_BMI+NHGRI-EBI_GWAS_catalog+rs72836349,Gamma_glutamyl_transferase_levels+NHGRI-EBI_GWAS_catalog+rs72836349,Gamma_glutamyl_transferase_levels+NHGRI-EBI_GWAS_catalog+rs72836349	4	0.60906	FALSE	TRUE	TRUE	Adult onset asthma and/or waist-to-hip ratio adjusted for BMI; Gamma glutamyl transferase levels	NR; 	1E-18; 1E-15; 6E-14
rs72836352	BCL2L11	ENSG00000153094	intron_variant	MODIFIER	ENST00000393256.8	protein_coding	YES	NM_138621.5	-	-	-	-	6.231	-	1	36797040	Vasculitis_pleiotropy+NHGRI-EBI_GWAS_catalog+rs72836352	1f	0.55436	TRUE	TRUE	TRUE	Body shape phenotype PC3; Vasculitis (pleiotropy)		1E-13; 4E-8
rs72837816	BCL2L11	ENSG00000153094	intron_variant	MODIFIER	ENST00000393256.8	protein_coding	YES	NM_138621.5	-	-	-	-	0.517	-	1	30239722	Waist-to-hip_ratio_adjusted_for_BMI+NHGRI-EBI_GWAS_catalog+rs72837816	1f	0.66703	TRUE	TRUE	TRUE	Waist-to-hip ratio adjusted for BMI; Total lipids in small HDL; Phospholipids in small HDL	NR; 	1E-13; 1E-11; 7E-14
rs73005423	-	-	intergenic_variant	MODIFIER	-	-	-	-	-	-	-	-	2.828	-	1	35088123,36333501	Rheumatoid_arthritis+NHGRI-EBI_GWAS_catalog+rs73005423,Rheumatoid_arthritis+NHGRI-EBI_GWAS_catalog+rs73005423,Rheumatoid_arthritis__rheumatoid_factor_and/or_anti-cyclic_citrullinated_peptide_seropositive_+NHGRI-EBI_GWAS_catalog+rs73005423,Rheumatoid_arthritis__rheumatoid_factor_and/or_anti-cyclic_citrullinated_peptide_seropositive_+NHGRI-EBI_GWAS_catalog+rs73005423	1f	0.06	TRUE	FALSE	TRUE	Rheumatoid arthritis (rheumatoid factor and/or anti-cyclic citrullinated peptide seropositive); Rheumatoid arthritis		5E-12; 6E-14; 4E-14; 2E-12
rs738128	UBE2L3	ENSG00000185651	intron_variant	MODIFIER	ENST00000342192.9	protein_coding	YES	NM_003347.4	-	-	-	-	1.075	-	-	22476155	Systemic_lupus_erythematosus+Orphanet+ENSG00000185651	1f	0.55436	TRUE	TRUE	TRUE			
rs74708289	GTF2H1	ENSG00000110768	intron_variant	MODIFIER	ENST00000265963.9	protein_coding	YES	NM_005316.4	-	-	-	-	1.293	-	-	-	-	7	0.18412	FALSE	FALSE	FALSE			
rs74984480	-	-	intergenic_variant	MODIFIER	-	-	-	-	-	-	-	-	0.237	-	1	30423114	Rheumatoid_arthritis+NHGRI-EBI_GWAS_catalog+rs74984480,Rheumatoid_arthritis+NHGRI-EBI_GWAS_catalog+rs74984480	1f	0.66703	TRUE	TRUE	TRUE	Rheumatoid arthritis	CD83	7E-6; 2E-7
rs7526171	RERE	ENSG00000142599	intron_variant	MODIFIER	ENST00000400908.7	protein_coding	YES	NM_001042681.2	-	-	-	-	2.249	-	1,1	30643256	RERE-related_phenocopy_of_proximal_1p36_deletions+G2P+ENSG00000142599,Complex_neurodevelopmental_disorder_with_or_without_congenital_anomalies+GenCC+ENSG00000142599,NEURODEVELOPMENTAL_DISORDER_WITH_OR_WITHOUT_ANOMALIES_OF_THE_BRAIN__EYE__OR_HEART+GenCC+ENSG00000142599,NEURODEVELOPMENTAL_DISORDER_WITH_OR_WITHOUT_ANOMALIES_OF_THE_BRAIN__EYE__OR_HEART+MIM_morbid+ENSG00000142599,1p36_deletion_syndrome+Orphanet+ENSG00000142599,RERE-related_neurodevelopmental_syndrome+Orphanet+ENSG00000142599,Life_satisfaction+NHGRI-EBI_GWAS_catalog+rs7526171	1f	0.22271	TRUE	FALSE	TRUE	Life satisfaction	NR	6E-9
rs75407602	ICAM5	ENSG00000105376	upstream_gene_variant	MODIFIER	ENST00000221980.5	protein_coding	YES	NM_003259.4	-	-	-	-	1.617	-	1	29875488,33888907,36168886	MALARIA__SUSCEPTIBILITY_TO_MALARIA__RESISTANCE_TO__INCLUDED+MIM_morbid+ENSG00000090339,COVID-19_covid_respiratory_support_vs_population+NHGRI-EBI_GWAS_catalog+rs75407602,Intercellular_adhesion_molecule_5_levels_ICAM5.8245.27.3+NHGRI-EBI_GWAS_catalog+rs75407602,Intercellular_adhesion_molecule_5_levels+NHGRI-EBI_GWAS_catalog+rs75407602	1f	0.55436	TRUE	TRUE	TRUE	Intercellular adhesion molecule 5 levels (ICAM5.8245.27.3); Intercellular adhesion molecule 5 levels; COVID-19 (covid respiratory support vs population)		8E-86; 2E-26; 9E-6
rs75543804	BCL2L11	ENSG00000153094	intron_variant	MODIFIER	ENST00000393256.8	protein_coding	YES	NM_138621.5	-	-	-	-	0.180	-	1	34021172,34594039	Body_Mass_Index+NHGRI-EBI_GWAS_catalog+rs75543804,Waist-hip_index+NHGRI-EBI_GWAS_catalog+rs75543804,Waist-to-hip_ratio_adjusted_for_BMI+NHGRI-EBI_GWAS_catalog+rs75543804,Weight+NHGRI-EBI_GWAS_catalog+rs75543804	1f	0.55436	TRUE	TRUE	TRUE	Waist-hip index; Weight; Waist-to-hip ratio adjusted for BMI; Body mass index	BCL2L11; 	2E-8; 1E-14; 5E-9
rs7839516	LINC01301	ENSG00000251396	intron_variant,non_coding_transcript_variant	MODIFIER	ENST00000530725.6	lncRNA	YES	-	-	-	-	-	5.638	-	1	32888493	Lymphocyte_count+NHGRI-EBI_GWAS_catalog+rs7839516	1f	0.55324	TRUE	TRUE	FALSE	Lymphocyte count; Autoimmune hypothyroidism	NR; 	3E-15; 3E-20
rs8013266	TRAF3	ENSG00000131323	intron_variant	MODIFIER	ENST00000392745.8	protein_coding	YES	NM_145725.3	-	-	-	-	5.202	-	1	39789286	TRAF3_haploinsufficiency+GenCC+ENSG00000131323,IMMUNODEFICIENCY_132A+MIM_morbid+ENSG00000131323,IMMUNODEFICIENCY_132B+MIM_morbid+ENSG00000131323,Herpes_simplex_virus_encephalitis+Orphanet+ENSG00000131323,Basal_metabolic_rate_UKB_data_field_23105+NHGRI-EBI_GWAS_catalog+rs8013266	7	0.51392	TRUE	FALSE	FALSE	Basal metabolic rate (UKB data field 23105)		2E-12
rs936564	MIR4454	ENSG00000283468	upstream_gene_variant	MODIFIER	ENST00000638111.1	miRNA	YES	-	-	-	-	-	0.868	-	-	-	-	1f	0.55324	TRUE	TRUE	FALSE			
rs938929	PLCL1	ENSG00000115896	intron_variant	MODIFIER	ENST00000428675.6	protein_coding	YES	NM_006226.4	-	-	-	-	11.27	-	-	26603167,23983088,33740106	-	1f	0.55436	TRUE	TRUE	TRUE			
rs9605536	USP18	ENSG00000184979	intron_variant	MODIFIER	ENST00000215794.8	protein_coding	YES	NM_017414.4	-	-	-	-	0.302	benign	1,1	-	USP18-related_severe_pseudo-TORCH_syndrome+G2P+ENSG00000184979,PSEUDO-TORCH_SYNDROME_2+GenCC+ENSG00000184979,PSEUDO-TORCH_SYNDROME_2+MIM_morbid+ENSG00000184979,USP18_deficiency+Orphanet+ENSG00000184979,ClinVar:_phenotype_not_specified+ClinVar+rs9605536	1f	0.55436	TRUE	TRUE	TRUE			
rs9654226	NAF1	ENSG00000145414	downstream_gene_variant	MODIFIER	ENST00001110702.1	protein_coding	-	-	-	-	-	-	2.973	-	-	-	-	1f	0.22271	TRUE	FALSE	TRUE			
rs9654227	NAF1	ENSG00000145414	downstream_gene_variant	MODIFIER	ENST00001110702.1	protein_coding	-	-	-	-	-	-	0.773	-	-	-	-	1f	0.22271	TRUE	FALSE	TRUE			
