RSID	chr	pos	start	end	gene_symbol	gene_id
rs61759532	17	7337072	6823638	8124393	ACAP1	ENSG00000288169
rs61759532	17	7337072	6823638	8124393	ACAP1	ENSG00000072818
rs1848486	5	91019088	90513970	91593633	ADGRV1	ENSG00000164199
rs56023922	4	86994934	86378778	87555207	AFF1	ENSG00000172493
rs2309756	2	100163807	99637501	100678745	AFF3	ENSG00000144218
rs10489845	1	159059981	158532041	159602184	AIM2	ENSG00000163568
rs4282898	10	5857324	5343181	6384191	ANKRD16	ENSG00000134461
rs12642710	4	80158777	79640160	80683549	ANTXR2	ENSG00000163297
NA	2	143255615	142755615	143770999	ARHGAP15	ENSG00000075884
rs10411830	19	941987	431523	1611896	ARID3A	ENSG00000116017
rs7902904	10	62048902	61520112	63173695	ARID5B	ENSG00000150347
rs9670479	13	49619341	49069225	50124552	ARL11	ENSG00000152213
rs12274090	11	72801052	72124687	73684057	ATG16L2	ENSG00000168010
rs548234	6	106120159	105589875	106858659	ATG5	ENSG00000057663
rs2206255	6	16659825	15316773	17470739	ATXN1-AS1	ENSG00000229931
rs11065979	12	111621753	110764775	113834136	ATXN2-AS	ENSG00000258099
rs3757247	6	90247744	89517209	90792775	BACH2	ENSG00000112182
rs13136297	4	101815299	101289531	102552830	BANK1	ENSG00000153064
rs7072811	10	110907194	110345581	111597342	BBIP1	ENSG00000214413
rs72736584	15	80006436	79495592	80534209	BCL2A1	ENSG00000140379
rs75543804	2	111143327	110602646	111689700	BCL2L11	ENSG00000153094
rs2736332	8	11482456	10917131	12075312	BLK	ENSG00000285369
rs2736332	8	11482456	10917131	12075312	BLK	ENSG00000136573
rs78382932	4	78909942	78104250	79460359	BMP2K	ENSG00000138756
rs11065979	12	111621753	110764775	113834136	BRAP	ENSG00000089234
rs72730583	15	75059289	74280780	75600454	C15orf39	ENSG00000167173
rs229527	22	37185445	36685445	37758892	C1QTNF6	ENSG00000133466
rs4853373	2	70179784	69468992	70831862	C2orf42	ENSG00000115998
rs6510917	19	6673878	6158602	7208116	C3	ENSG00000125730
rs6602587	10	12445910	11940972	12946137	CAMK1D	ENSG00000183049
rs4722276	7	2979170	2479170	3479980	CARD11	ENSG00000198286
rs756880	17	34453106	33927526	34954505	CCL1	ENSG00000108702
rs223886	16	57355914	56805075	58746174	CCL22	ENSG00000102962
rs10848975	12	4043715	3523752	4543715	CCND2-AS1	ENSG00000255920
rs1788098	18	69875562	69344409	70399351	CD226	ENSG00000150637
rs4810485	20	46119308	45544907	46645348	CD40	ENSG00000101017
rs74405933	6	14095524	13586162	15224751	CD83	ENSG00000112149
rs888096	2	37376658	36876658	37876658	CDC42EP3	ENSG00000163171
rs10823829	10	71706952	70845664	72269584	CDH23	ENSG00000107736
rs3886536	7	106060045	105556787	106560045	CDHR3	ENSG00000128536
rs7519758	1	196856157	196206226	197356157	CFHR1	ENSG00000244414
rs7519758	1	196856157	196206226	197356157	CFHR4	ENSG00000134365
rs12917656	16	11094005	10424981	11762610	CLEC16A	ENSG00000038532
rs6831973	4	10707742	10200346	11223429	CLNK	ENSG00000109684
rs170934	3	28037594	27526903	28537594	CMC1	ENSG00000187118
rs28475641	4	83225574	82720100	83774539	COQ2	ENSG00000173085
rs3795982	2	218400445	217900445	218900445	CTDSP1	ENSG00000144579
rs3087243	2	203874196	203211228	204378686	CTLA4	ENSG00000163599
rs61150131	11	118881469	117485207	119785483	CXCR5	ENSG00000160683
rs7252748	19	40913748	40413748	41413748	CYP2B7P	ENSG00000256612
rs7252748	19	40913748	40413748	41413748	CYP2G1P	ENSG00000130612
rs146788138	4	100134065	99634065	100634065	DDIT4L	ENSG00000145358
rs61150131	11	118881469	117485207	119785483	DDX6	ENSG00000110367
rs111344337	4	973547	460487	1490021	DGKQ	ENSG00000145214
rs591549	18	3542249	3042249	4042249	DLGAP1	ENSG00000170579
rs76201203	9	1878956	1378956	2384751	DMRT2	ENSG00000173253
rs12319783	12	101929164	100788433	102439944	DRAM1	ENSG00000136048
rs6942325	6	249714	0	990578	DUSP22	ENSG00000112679
rs2319516	14	20778780	20278681	21280605	EDDM3B	ENSG00000181552
rs4812068	20	59268848	58768303	59771867	EDN3	ENSG00000124205
rs16882521	6	52419027	51852169	53008658	EFHC1	ENSG00000096093
rs9532692	13	40978602	40294528	41589420	ELF1	ENSG00000120690
rs8103622	19	18462024	17899957	19284093	ELL	ENSG00000105656
rs61909064	11	128445718	127812131	129247336	ETS1	ENSG00000134954
rs34051876	4	89006221	88506221	89506221	FAM13A	ENSG00000138640
rs2736332	8	11482456	10917131	12075312	FAM167A	ENSG00000292288
rs2736332	8	11482456	10917131	12075312	FAM167A	ENSG00000154319
rs2544920	5	100805670	100253590	101584345	FAM174A	ENSG00000174132
rs113877763	4	2737939	2237939	3237939	FAM193A	ENSG00000125386
rs2111485	2	162254026	161719636	162797853	FAP	ENSG00000078098
rs418215	1	161626493	159924115	162357967	FCGR3B	ENSG00000162747
rs73011567	1	157534632	156599469	158263589	FCRL5	ENSG00000143297
rs35346340	15	90884642	90384642	91384642	FES	ENSG00000182511
rs7784748	7	4745021	4245021	5245185	FOXK1	ENSG00000164916
rs185149081	4	160156597	159643474	160682552	FSTL5	ENSG00000168843
rs35346340	15	90884642	90384642	91384642	FURIN	ENSG00000140564
rs4282898	10	5857324	5343181	6384191	GDI2	ENSG00000057608
rs2510066	11	64284975	63784975	64785685	GPR137	ENSG00000173264
rs542129885	12	12692703	11253309	13243964	GPR19	ENSG00000183150
rs4542691	17	75330884	74177528	75921581	GRB2	ENSG00000177885
rs77885959	11	18340835	17771039	18840835	GTF2H1	ENSG00000288114
rs77885959	11	18340835	17771039	18840835	GTF2H1	ENSG00000110768
rs146788138	4	100134065	99634065	100634065	H2AZ1-DT	ENSG00000245322
rs8047421	16	50095354	49489193	50845857	HEATR3	ENSG00000155393
rs9268807	6	32456138	24722704	37562979	HLA-DRA	ENSG00000277263
rs9268807	6	32456138	24722704	37562979	HLA-DRA	ENSG00000234794
rs9268807	6	32456138	24722704	37562979	HLA-DRA	ENSG00000228987
rs9268807	6	32456138	24722704	37562979	HLA-DRA	ENSG00000227993
rs9268807	6	32456138	24722704	37562979	HLA-DRA	ENSG00000226260
rs9268807	6	32456138	24722704	37562979	HLA-DRA	ENSG00000230726
rs9268807	6	32456138	24722704	37562979	HLA-DRA	ENSG00000206308
rs9268807	6	32456138	24722704	37562979	HLA-DRA	ENSG00000204287
rs9268807	6	32456138	24722704	37562979	HLA-DRB5	ENSG00000198502
rs776497260	12	120940042	120160388	121481253	HNF1A-AS1	ENSG00000241388
rs11064247	12	6544418	5958621	7044418	IFFO1	ENSG00000010295
rs10489845	1	159059981	158532041	159602184	IFI16	ENSG00000163565
rs2111485	2	162254026	161719636	162797853	IFIH1	ENSG00000115267
rs76371569	9	21320325	20657374	21862583	IFNA5	ENSG00000147873
rs2297550	1	206470429	205942751	207282771	IKBKE	ENSG00000263528
rs62447171	7	50270294	49689142	50823437	IKZF1	ENSG00000185811
rs12694291	2	213019728	212220311	213631707	IKZF2	ENSG00000030419
rs113479772	17	39830790	39112431	40431897	IKZF3	ENSG00000161405
rs485499	3	160028076	159412183	160530580	IL12A-AS1	ENSG00000244040
rs17129789	1	67324915	66799132	67948804	IL12RB2	ENSG00000081985
rs7717955	5	35862739	35325071	36416072	IL7R	ENSG00000168685
rs35465817	1	37897948	37292972	38411349	INPP5B	ENSG00000204084
rs790251	6	154211142	153650090	154749517	IPCEF1	ENSG00000074706
rs1059702	23	154018741	153411505	155316293	IRAK1	ENSG00000184216
rs3757387	7	128936032	128329585	129637238	IRF5	ENSG00000128604
rs11649485	16	85980849	85427853	86488021	IRF8	ENSG00000140968
rs1143679	16	31265490	30073109	32225779	ITGAM	ENSG00000169896
rs1887428	9	4984530	4464774	5733557	JAK2	ENSG00000096968
rs3757387	7	128936032	128329585	129637238	KCP	ENSG00000135253
rs76371569	9	21320325	20657374	21862583	KLHL9	ENSG00000198642
rs6939565	6	129873059	129373059	130373059	L3MBTL3	ENSG00000198945
rs10173253	2	30220594	29703730	30734695	LBH	ENSG00000213626
rs4423942	4	108120172	107551551	108690597	LEF1	ENSG00000138795
rs1400481	8	128427317	126710176	128961433	LINC00824	ENSG00000282114
rs1400481	8	128427317	126710176	128961433	LINC00824	ENSG00000254275
rs7637844	3	72176765	71665183	72676765	LINC00870	ENSG00000243083
rs11649485	16	85980849	85427853	86488021	LINC01082	ENSG00000269186
rs485499	3	160028076	159412183	160530580	LINC01100	ENSG00000242107
rs2309756	2	100163807	99637501	100678745	LINC01104	ENSG00000232084
rs9557227	13	99431785	98931785	99948569	LINC01232	ENSG00000280734
rs2426414	20	52048167	51538266	52558492	LINC01429	ENSG00000227964
rs170934	3	28037594	27526903	28537594	LINC01980	ENSG00000225548
rs741576	5	87084261	86539910	87595746	LINC02059	ENSG00000250544
rs61909064	11	128445718	127812131	129247336	LINC02098	ENSG00000272575
rs1635299	17	45665713	45165713	46165713	LINC02210-CRHR1	ENSG00000282456
rs1635299	17	45665713	45165713	46165713	LINC02210-CRHR1	ENSG00000263715
rs185149081	4	160156597	159643474	160682552	LINC02233	ENSG00000250488
rs11736377	4	40299247	39774190	40812334	LINC02265	ENSG00000249241
rs2374059	12	103513630	102880654	104048936	LINC02401	ENSG00000257762
rs1040029	3	188740240	188239920	189254534	LPP	ENSG00000145012
rs2719231	8	55974104	55461458	56476628	LYN	ENSG00000254087
rs9782955	1	235876577	235226796	236377829	LYST	ENSG00000143669
rs57319220	3	45878500	45371846	46379767	LZTFL1	ENSG00000163818
rs3813582	16	79715456	79127264	80222300	MAF	ENSG00000178573
rs3813582	16	79715456	79127264	80222300	MAFTRR	ENSG00000261390
rs7626070	3	152498926	151979136	153032718	MBNL1	ENSG00000152601
rs309173	2	135859954	135133525	136552033	MCM6	ENSG00000076003
rs77429014	3	151166201	150577145	151721855	MED12L	ENSG00000144893
rs4954125	2	134289413	133789413	134798309	MGAT5	ENSG00000152127
rs2431697	5	160452971	158829158	161014212	MIR3142HG	ENSG00000253522
rs741576	5	87084261	86539910	87595746	MIR4280	ENSG00000265919
rs4287962	4	163096608	162588271	163677165	MIR4454	ENSG00000283468
rs1414273	1	116560027	115990161	117061593	MIR548AC	ENSG00000264419
rs6831973	4	10707742	10200346	11223429	MIR572	ENSG00000207716
rs652284	1	12158755	11631445	12658755	MIR7846	ENSG00000283789
rs17374162	8	71982724	71479513	72500879	MSC-AS1	ENSG00000235531
rs60975870	21	41362064	40862064	41871894	MX2	ENSG00000183486
rs1317082	3	169779797	169259718	170312170	MYNN	ENSG00000085274
rs375039649	19	17096917	16575326	17613862	MYO9B	ENSG00000099331
rs4287962	4	163096608	162588271	163677165	NAF1	ENSG00000145414
rs4483195	8	70215853	69570282	70955779	NCOA2	ENSG00000140396
rs12146097	1	183360126	182649011	184313061	NMNAT2	ENSG00000157064
rs790251	6	154211142	153650090	154749517	OPRM1	ENSG00000112038
rs10896045	11	65788053	65075007	66299248	OVOL1	ENSG00000172818
rs7626070	3	152498926	151979136	153032718	P2RY1	ENSG00000169860
rs16882521	6	52419027	51852169	53008658	PAQR8	ENSG00000170915
rs10848975	12	4043715	3523752	4543715	PARP11	ENSG00000111224
rs5753605	22	31417075	30640009	31917075	PATZ1	ENSG00000100105
rs71336931	19	32582180	32044191	33178471	PDCD5	ENSG00000105185
rs2732549	11	35066852	34515664	35646999	PDHX	ENSG00000110435
rs148490292	15	77301070	76537329	78026920	PEAK1	ENSG00000173517
rs4963128	11	589564	31224	1198807	PHRF1	ENSG00000274780
rs4963128	11	589564	31224	1198807	PHRF1	ENSG00000070047
rs3748233	10	96626726	96126726	97126726	PIK3AP1	ENSG00000155629
rs28475641	4	83225574	82720100	83774539	PLAC8	ENSG00000145287
rs9712275	2	198042419	197127592	198590050	PLCL1	ENSG00000115896
rs4685426	3	17077746	16577746	17577746	PLCL2	ENSG00000284017
rs4685426	3	17077746	16577746	17577746	PLCL2	ENSG00000154822
rs2841280	14	104927219	104402270	105552119	PLD4	ENSG00000166428
rs223886	16	57355914	56805075	58746174	PLLP	ENSG00000102934
rs774471019	8	42343629	41754688	42901679	POLB	ENSG00000070501
rs72730583	15	75059289	74280780	75600454	PPCDC	ENSG00000138621
rs73068668	19	55251894	54726430	55751894	PPP6R1	ENSG00000105063
rs548234	6	106120159	105589875	106858659	PRDM1	ENSG00000057657
rs12642710	4	80158777	79640160	80683549	PRDM8	ENSG00000152784
rs7404928	16	23877519	23341858	24398217	PRKCB	ENSG00000166501
rs57441276	23	12830102	12314981	13339341	PRPS2	ENSG00000101911
rs2476601	1	113834946	113050718	114378691	PTPN22	ENSG00000134242
rs2296618	1	198697103	198073897	199328488	PTPRC	ENSG00000262418
rs2296618	1	198697103	198073897	199328488	PTPRC	ENSG00000081237
rs2431697	5	160452971	158829158	161014212	PTTG1	ENSG00000164611
rs888096	2	37376658	36876658	37876658	QPCT	ENSG00000115828
rs9437	8	60622858	60001020	61130375	RAB2A	ENSG00000104388
rs8035957	15	38546063	38024086	39205582	RASGRP1	ENSG00000172575
rs13385731	2	33476823	32976823	33978490	RASGRP3	ENSG00000152689
rs9670479	13	49619341	49069225	50124552	RCBTB1	ENSG00000136144
rs301799	1	8429242	7922018	9239823	RERE-AS1	ENSG00000232912
rs2816316	1	192567683	192023765	193075665	RGS1	ENSG00000090104
rs2816316	1	192567683	192023765	193075665	RGS21	ENSG00000253148
rs11736377	4	40299247	39774190	40812334	RHOH	ENSG00000168421
rs2319516	14	20778780	20278681	21280605	RNASE6	ENSG00000169413
rs74405933	6	14095524	13586162	15224751	RNF182	ENSG00000180537
rs2046616	1	92366012	91866012	92866012	RPAP2	ENSG00000122484
rs74804869	22	39345835	37973458	40426680	RPL3	ENSG00000100316
rs7637844	3	72176765	71665183	72676765	RYBP	ENSG00000281766
rs7637844	3	72176765	71665183	72676765	RYBP	ENSG00000163602
rs75967767	1	1223568	514228	1804555	SDF4	ENSG00000078808
rs12592504	15	49036117	48487136	49543412	SECISBP2L	ENSG00000138593
rs4801882	19	51623800	51001505	52202238	SIGLEC5	ENSG00000105501
rs4801882	19	51623800	51001505	52202238	SIGLEC5	ENSG00000268500
rs202554	20	1678054	1058519	2214509	SIRPB3P	ENSG00000223750
rs202554	20	1678054	1058519	2214509	SIRPG	ENSG00000089012
rs923077	12	128792163	128274091	129396940	SLC15A4	ENSG00000139370
rs17116149	10	103928292	103418153	104461086	SLK	ENSG00000065613
rs76201203	9	1878956	1378956	2384751	SMARCA2	ENSG00000080503
rs10173253	2	30220594	29703730	30734695	SNORA10B	ENSG00000207187
rs268124	2	65427230	64809100	65967692	SPRED2	ENSG00000198369
rs2544920	5	100805670	100253590	101584345	ST8SIA4	ENSG00000113532
rs12274090	11	72801052	72124687	73684057	STARD10	ENSG00000214530
rs4853459	2	191097370	189706034	191746297	STAT4	ENSG00000138378
rs12576774	11	3981082	3481082	4594257	STIM1	ENSG00000167323
rs2206255	6	16659825	15316773	17470739	STMND1	ENSG00000230873
rs17116149	10	103928292	103418153	104461086	STN1	ENSG00000107960
rs360050	11	9690000	9193544	10193544	SWAP70	ENSG00000133789
rs74804869	22	39345835	37973458	40426680	SYNGR1	ENSG00000100321
rs3886536	7	106060045	105556787	106560045	SYPL1	ENSG00000008282
rs428073	12	118244946	117652057	118796289	TAOK3	ENSG00000135090
rs4388254	5	134092910	130972505	135070139	TCF7	ENSG00000081059
rs755393386	19	49348489	48736012	49922410	TEAD2	ENSG00000074219
rs7725218	5	1282299	778469	1796371	TERT	ENSG00000164362
rs6546883	2	73990729	73473832	74592678	TET3	ENSG00000187605
rs57441276	23	12830102	12314981	13339341	TLR7	ENSG00000196664
rs923077	12	128792163	128274091	129396940	TMEM132C	ENSG00000181234
rs6939565	6	129873059	129373059	130373059	TMEM244	ENSG00000203756
rs12636784	3	119455536	118883403	120054036	TMEM39A	ENSG00000176142
rs2740174	1	225846268	225337989	226395109	TMEM63A	ENSG00000196187
rs7749323	6	137909252	137078890	138532310	TNFAIP3	ENSG00000118503
rs10066380	5	119318238	118818238	119818238	TNFAIP8	ENSG00000145779
rs34562254	17	16939677	16416785	17472322	TNFRSF13B	ENSG00000240505
rs652284	1	12158755	11631445	12658755	TNFRSF8	ENSG00000120949
rs6510917	19	6673878	6158602	7208116	TNFSF14	ENSG00000125735
rs2205960	1	173222336	172582757	175551715	TNFSF4	ENSG00000117586
rs10036748	5	151078585	150518400	151615526	TNIP1	ENSG00000145901
rs113877763	4	2737939	2237939	3237939	TNIP2	ENSG00000168884
rs7126711	11	69091909	68547419	69603970	TPCN2	ENSG00000162341
rs1482518599	14	102782701	102280133	103416866	TRAF3	ENSG00000131323
rs12241531	10	102648035	101712990	103159285	TRIM8	ENSG00000171206
rs16826583	1	39825520	39314125	40329198	TRIT1	ENSG00000043514
rs62017246	15	50681173	50044087	51208465	TRPM7	ENSG00000092439
rs2234290	11	2302389	1802389	2802389	TSPAN32	ENSG00000064201
rs34536443	19	10352442	9786554	10986312	TYK2	ENSG00000105397
rs9557227	13	99431785	98931785	99948569	UBAC2	ENSG00000134882
rs1893592	21	42434957	41934957	42934957	UBASH3A	ENSG00000160185
rs3180408	22	18167915	17630270	18670226	USP18	ENSG00000184979
rs4388254	5	134092910	130972505	135070139	VDAC1	ENSG00000213585
rs12319783	12	101929164	100788433	102439944	WASHC3	ENSG00000120860
rs7097397	10	48817351	48225133	49427113	WDFY4	ENSG00000128815
rs2298428	22	21628603	20932011	22191822	YDJC	ENSG00000161179
rs80295067	6	149483259	148851187	150064986	ZC3H12D	ENSG00000178199
rs2297239	7	139055478	138545615	139557311	ZC3HAV1	ENSG00000105939
rs72736584	15	80006436	79495592	80534209	ZFAND6	ENSG00000086666
rs2426414	20	52048167	51538266	52558492	ZFP64	ENSG00000020256
rs889561	16	68571838	68020852	69176834	ZFP90	ENSG00000184939
rs4812068	20	59268848	58768303	59771867	ZNF831	ENSG00000124203
