nsnps	hit1	hit2	PP.H0.abf	PP.H1.abf	PP.H2.abf	PP.H3.abf	PP.H4.abf	idx1	idx2	locus	n_snps	SLE_signals	COVID_signals	top_sle_snp	top_sle_pip	top_covid_snp	top_covid_pip	ld_between_hits	r2_between_hits
339	rs2274262	rs9777931	0	0	0	1	0	4	1	rs75967767	339	6	8	rs12142199	1	rs1891906	1	0.223656	0.050022006336
339	rs12142199	rs9777931	0	0	0	1	0	5	1	rs75967767	339	6	8	rs12142199	1	rs1891906	1	-0.25805	0.0665898025
339	rs34272775	rs9777931	0	0	0	1	0	6	1	rs75967767	339	6	8	rs12142199	1	rs1891906	1	0.0719003	0.00516965314009
339	rs7515488	rs9777931	0	0	0	1	0	8	1	rs75967767	339	6	8	rs12142199	1	rs1891906	1	0.0123701	0.00015301937401
339	rs60252802	rs9777931	0	0	0	1	0	9	1	rs75967767	339	6	8	rs12142199	1	rs1891906	1	-0.0207614	0.00043103572996
339	rs12733365	rs9777931	0	0	5.87160113222956e-05	0.999939079298573	2.20469029066198e-06	3	1	rs75967767	339	6	8	rs12142199	1	rs1891906	1	-0.211129	0.044575454641
339	rs2274262	rs9331223	0	0	0	1	0	4	2	rs75967767	339	6	8	rs12142199	1	rs1891906	1	-0.238036	0.056661137296
339	rs12142199	rs9331223	0	0	0	1	0	5	2	rs75967767	339	6	8	rs12142199	1	rs1891906	1	0.258977	0.067069086529
339	rs34272775	rs9331223	0	0	0	1	0	6	2	rs75967767	339	6	8	rs12142199	1	rs1891906	1	-0.0518209	0.00268540567681
339	rs7515488	rs9331223	0	0	0	1	0	8	2	rs75967767	339	6	8	rs12142199	1	rs1891906	1	-2.08474e-05	4.3461408676e-10
339	rs60252802	rs9331223	0	0	0	1	0	9	2	rs75967767	339	6	8	rs12142199	1	rs1891906	1	0.0111747	0.00012487392009
339	rs12733365	rs9331223	0	0	5.87160451297673e-05	0.999939656192462	1.62776219796696e-06	3	2	rs75967767	339	6	8	rs12142199	1	rs1891906	1	0.174818	0.030561333124
339	rs2274262	rs9442611	0	0	0	1	0	4	3	rs75967767	339	6	8	rs12142199	1	rs1891906	1	0.216912	0.047050815744
339	rs12142199	rs9442611	0	0	0	1	0	5	3	rs75967767	339	6	8	rs12142199	1	rs1891906	1	-0.2494	0.06220036
339	rs34272775	rs9442611	0	0	0	1	0	6	3	rs75967767	339	6	8	rs12142199	1	rs1891906	1	0.0683995	0.00467849160025
339	rs7515488	rs9442611	0	0	0	1	0	8	3	rs75967767	339	6	8	rs12142199	1	rs1891906	1	0.00813404	6.61626067216e-05
339	rs60252802	rs9442611	0	0	0	1	0	9	3	rs75967767	339	6	8	rs12142199	1	rs1891906	1	-0.0168111	0.00028261308321
339	rs12733365	rs9442611	0	0	5.87160596594736e-05	0.999939904133071	1.37980713996315e-06	3	3	rs75967767	339	6	8	rs12142199	1	rs1891906	1	-0.196813	0.038735356969
339	rs2274262	rs9442612	0	0	0	1	0	4	4	rs75967767	339	6	8	rs12142199	1	rs1891906	1	0.214585	0.046046722225
339	rs12142199	rs9442612	0	0	0	1	0	5	4	rs75967767	339	6	8	rs12142199	1	rs1891906	1	-0.247257	0.061136024049
339	rs34272775	rs9442612	0	0	0	1	0	6	4	rs75967767	339	6	8	rs12142199	1	rs1891906	1	0.0686649	0.00471486849201
339	rs7515488	rs9442612	0	0	0	1	0	8	4	rs75967767	339	6	8	rs12142199	1	rs1891906	1	0.00820287	6.72870762369e-05
339	rs60252802	rs9442612	0	0	0	1	0	9	4	rs75967767	339	6	8	rs12142199	1	rs1891906	1	-0.0171058	0.00029260839364
339	rs12733365	rs9442612	0	0	5.8716036274446e-05	0.999939505065402	1.77890150896201e-06	3	4	rs75967767	339	6	8	rs12142199	1	rs1891906	1	-0.202244	0.040902635536
339	rs2274262	rs1891906	0	0	0	1	0	4	7	rs75967767	339	6	8	rs12142199	1	rs1891906	1	0.200566	0.040226720356
339	rs12142199	rs1891906	0	0	0	1	0	5	7	rs75967767	339	6	8	rs12142199	1	rs1891906	1	-0.216061	0.046682355721
339	rs34272775	rs1891906	0	0	0	1	0	6	7	rs75967767	339	6	8	rs12142199	1	rs1891906	1	0.0362607	0.00131483836449
339	rs7515488	rs1891906	0	0	0	1	0	8	7	rs75967767	339	6	8	rs12142199	1	rs1891906	1	2.41522e-05	5.8332876484e-10
339	rs60252802	rs1891906	0	0	0	1	0	9	7	rs75967767	339	6	8	rs12142199	1	rs1891906	1	-0.000465741	2.16914679081e-07
339	rs12733365	rs1891906	0	0	5.87160788883423e-05	0.999940232268187	1.05165942520543e-06	3	7	rs75967767	339	6	8	rs12142199	1	rs1891906	1	-0.166956	0.027874305936
339	rs2274262	rs9442363	0	0	0	1	0	4	8	rs75967767	339	6	8	rs12142199	1	rs1891906	1	0.234792	0.055127283264
339	rs12142199	rs9442363	0	0	0	1	0	5	8	rs75967767	339	6	8	rs12142199	1	rs1891906	1	-0.255423	0.065240908929
339	rs34272775	rs9442363	0	0	0	1	0	6	8	rs75967767	339	6	8	rs12142199	1	rs1891906	1	0.0535702	0.00286976632804
339	rs7515488	rs9442363	0	0	0	1	0	8	8	rs75967767	339	6	8	rs12142199	1	rs1891906	1	-0.000983021	9.66330286441e-07
339	rs60252802	rs9442363	0	0	0	1	0	9	8	rs75967767	339	6	8	rs12142199	1	rs1891906	1	-0.00983824	9.67909662976e-05
339	rs12733365	rs9442363	0	0	5.87159993604311e-05	0.999938875178582	2.40882191186033e-06	3	8	rs75967767	339	6	8	rs12142199	1	rs1891906	1	-0.176494	0.031150132036
339	rs2274262	rs61766299	0	0	0	1	0	4	9	rs75967767	339	6	8	rs12142199	1	rs1891906	1	0.21294	0.0453434436
339	rs12142199	rs61766299	0	0	0	1	0	5	9	rs75967767	339	6	8	rs12142199	1	rs1891906	1	-0.245679	0.060358171041
339	rs34272775	rs61766299	0	0	0	1	0	6	9	rs75967767	339	6	8	rs12142199	1	rs1891906	1	0.0686649	0.00471486849201
339	rs7515488	rs61766299	0	0	0	1	0	8	9	rs75967767	339	6	8	rs12142199	1	rs1891906	1	0.00820287	6.72870762369e-05
339	rs60252802	rs61766299	0	0	0	1	0	9	9	rs75967767	339	6	8	rs12142199	1	rs1891906	1	-0.0171058	0.00029260839364
339	rs12733365	rs61766299	0	0	5.87160406457141e-05	0.99993957965401	1.70429334103338e-06	3	9	rs75967767	339	6	8	rs12142199	1	rs1891906	1	-0.202244	0.040902635536
339	rs2274262	rs2465141	0	0	0	1	0	4	10	rs75967767	339	6	8	rs12142199	1	rs1891906	1	0.199043	0.039618115849
339	rs12142199	rs2465141	0	0	0	1	0	5	10	rs75967767	339	6	8	rs12142199	1	rs1891906	1	-0.214459	0.045992662681
339	rs34272775	rs2465141	0	0	0	1	0	6	10	rs75967767	339	6	8	rs12142199	1	rs1891906	1	0.0359159	0.00128995187281
339	rs7515488	rs2465141	0	0	0	1	0	8	10	rs75967767	339	6	8	rs12142199	1	rs1891906	1	-4.01109e-05	1.60888429881e-09
339	rs60252802	rs2465141	0	0	0	1	0	9	10	rs75967767	339	6	8	rs12142199	1	rs1891906	1	-0.000174033	3.0287485089e-08
339	rs12733365	rs2465141	0	0	5.87160724220058e-05	0.999940121927615	1.16199949831642e-06	3	10	rs75967767	339	6	8	rs12142199	1	rs1891906	1	-0.163574	0.026756453476
185	rs301799	rs112613745	0	0	0.000534690559970392	0.989472838138907	0.00999247130120723	1	2	rs301799	185	1	4	rs301799	0.242197669660455	rs112613745	1	-0.590891	0.349152173881
185	rs301799	rs11589090	7.39313301696592e-237	1.368165553695e-233	0.000530246551623979	0.981232312291618	0.0182374411568032	1	3	rs301799	185	1	4	rs301799	0.242197669660455	rs112613745	1	-0.588934	0.346843256356
185	rs301799	rs11121203	1.26647545826357e-76	2.34372639126053e-73	0.000530523519864859	0.981745894573736	0.017723581906408	1	1	rs301799	185	1	4	rs301799	0.242197669660455	rs112613745	1	0.61957	0.3838669849
185	rs301799	rs6674832	2.26395800901126e-11	4.18965728850396e-08	0.000194190788535546	0.358084022386294	0.64172174490596	1	4	rs301799	185	1	4	rs301799	0.242197669660455	rs112613745	1	-0.872924	0.761996309776
										rs652284	35	2	0	rs5746016	0.969926739079518	rs1201165	0.468255774869948		
										rs35465817	127	1	0	rs35978921	0.101023665274088	rs56659814	0.442284248956769		
										rs16826583	94	2	0	rs12030695	0.994950142158486	rs2746056	0.516202961105524		
										rs17129789	106	4	0	rs72931012	0.853506749570952	rs2863752	0.147623348414606		
										rs2046616	222	0	0	rs2046616	0.437233470883321	rs11166574	0.0695033497135371		
										rs2476601	70	1	0	rs2476601	0.953891997478241	rs1230666	0.375006607512551		
										rs1414273	47	1	0	rs1414273	0.545200829973131	rs10924103	0.549237141342965		
292	rs3761959	rs180913314	2.9866998078408e-22	0.305434033215567	6.79086505482733e-22	0.694465743963435	0.0001002228209989	3	1	rs73011567	292	3	3	rs3761959	0.490954941536435	rs180913314	0.350548129773863	-0.00342056	1.17002307136e-05
292	rs73011567	rs180913314	5.09835583565702e-21	0.305432553036101	1.15921413965162e-20	0.694462368765802	0.000105078198096981	1	1	rs73011567	292	3	3	rs3761959	0.490954941536435	rs180913314	0.350548129773863	-0.071784	0.005152942656
292	rs2026391	rs180913314	1.75445722330674e-15	0.305434556189061	3.9891127379676e-15	0.694466936480245	9.85073306882467e-05	4	1	rs73011567	292	3	3	rs3761959	0.490954941536435	rs180913314	0.350548129773863	-0.0775477	0.00601364577529
292	rs3761959	rs58014386	9.64590921766906e-22	0.986436249351014	1.2945663273922e-23	0.0132381957808159	0.000325554868172326	3	2	rs73011567	292	3	3	rs3761959	0.490954941536435	rs180913314	0.350548129773863	0.00750166	5.62749027556e-05
292	rs73011567	rs58014386	1.6457764880968e-20	0.985952590775603	2.20877760284247e-22	0.0132307223910461	0.000816686833353301	1	2	rs73011567	292	3	3	rs3761959	0.490954941536435	rs180913314	0.350548129773863	-0.18143	0.0329168449
292	rs2026391	rs58014386	5.66580239628146e-15	0.986363085616588	7.60400791088564e-17	0.0132370652703025	0.000399849113101318	4	2	rs73011567	292	3	3	rs3761959	0.490954941536435	rs180913314	0.350548129773863	-0.0772351	0.00596526067201
292	rs3761959	rs10489678	9.58110440605327e-22	0.979809003140456	1.81805653166622e-23	0.0185891012547455	0.00160189560479643	3	3	rs73011567	292	3	3	rs3761959	0.490954941536435	rs180913314	0.350548129773863	0.534512	0.285703078144
292	rs73011567	rs10489678	1.63758515285503e-20	0.981045321616059	3.10738956296805e-22	0.0186150855449286	0.000339592839011964	1	3	rs73011567	292	3	3	rs3761959	0.490954941536435	rs180913314	0.350548129773863	-0.0837585	0.00701548632225
292	rs2026391	rs10489678	5.63537534048046e-15	0.981066020426703	1.06933715696473e-16	0.0186155205816224	0.000318458991669554	4	3	rs73011567	292	3	3	rs3761959	0.490954941536435	rs180913314	0.350548129773863	-0.121238	0.014698652644
										rs10489845	41	1	0	rs146790075	0.488926361105137	rs16841398	0.391930923124038		
										rs12146097	373	4	0	rs13306575	1	rs12405210	0.0980401656022979		
										rs2816316	64	1	0	rs2816316	0.348951735731017	rs1923947	0.169482791587581		
										rs7519758	48	2	0	rs115660785	0.407238007164998	rs7540454	0.292679190454397		
161	rs2296618	rs77602270	0	0	0.000771371615904483	0.99816719967898	0.00106142216591135	1	1	rs2296618	161	2	2	rs2296618	0.997967201705498	rs10494782	1	-0.564228	0.318353235984
161	rs12132271	rs77602270	0	0	0.117742751108304	0.484002324638264	0.39825493460434	2	1	rs2296618	161	2	2	rs2296618	0.997967201705498	rs10494782	1	0.886059	0.785100551481
161	rs2296618	rs10494782	0	0	0.000771558766341866	0.99840985141495	0.00081857644155189	1	2	rs2296618	161	2	2	rs2296618	0.997967201705498	rs10494782	1	0.564228	0.318353235984
161	rs12132271	rs10494782	0	0	0.129950267569049	0.534391235360879	0.335658489562784	2	2	rs2296618	161	2	2	rs2296618	0.997967201705498	rs10494782	1	-0.886059	0.785100551481
65	rs9242	rs12096623	0	0	5.21397954056658e-08	0.999999934007067	1.38527573812945e-08	3	1	rs2297550	65	4	2	rs9242	0.995944018751587	rs12059562	1	-0.309648	0.095881883904
65	rs1930438	rs12096623	0	0	1.70254160095121e-11	0.999999997940904	2.04032281211191e-09	1	1	rs2297550	65	4	2	rs9242	0.995944018751587	rs12059562	1	0.485993	0.236189196049
65	rs2483059	rs12096623	0	0	0.000693652643202395	0.999241771467722	6.45758885909152e-05	4	1	rs2297550	65	4	2	rs9242	0.995944018751587	rs12059562	1	0.481611	0.231949155321
65	rs10779474	rs12096623	0	0	0.31896096655301	0.677295315505956	0.00374371793985435	2	1	rs2297550	65	4	2	rs9242	0.995944018751587	rs12059562	1	-0.189538	0.035924653444
65	rs9242	rs12059562	0	0	5.21397954413263e-08	0.999999934694645	1.31664942640681e-08	3	2	rs2297550	65	4	2	rs9242	0.995944018751587	rs12059562	1	-0.307029	0.094266806841
65	rs1930438	rs12059562	0	0	1.7025416010627e-11	0.999999998006388	1.9768611299819e-09	1	2	rs2297550	65	4	2	rs9242	0.995944018751587	rs12059562	1	0.485102	0.235323950404
65	rs2483059	rs12059562	0	0	0.000693653512879592	0.99924302679372	6.3319693095921e-05	4	2	rs2297550	65	4	2	rs9242	0.995944018751587	rs12059562	1	0.480304	0.230691932416
65	rs10779474	rs12059562	0	0	0.318962476108172	0.67729853044614	0.00373899344558209	2	2	rs2297550	65	4	2	rs9242	0.995944018751587	rs12059562	1	-0.189283	0.035828054089
										rs2740174	38	1	0	rs2740174	0.686999685482931	rs12039910	0.940237871964987		
182	rs9782955	rs957113	0	0	1.20847651587675e-05	0.999987036073794	8.7692264604115e-07	1	1	rs9782955	182	2	2	rs9782955	0.133260931209581	rs3768058	1	-0.200574	0.040229929476
182	rs16832997	rs957113	0	0	0.215149989506767	0.782348654379548	0.00250134427662565	2	1	rs9782955	182	2	2	rs9782955	0.133260931209581	rs3768058	1	0.234743	0.055104276049
182	rs9782955	rs3768058	0	0	1.20847644384594e-05	0.999986976469924	9.35096250806957e-07	1	2	rs9782955	182	2	2	rs9782955	0.133260931209581	rs3768058	1	-0.200574	0.040229929476
182	rs16832997	rs3768058	0	0	0.215151701509394	0.782354903040729	0.00249339528609576	2	2	rs9782955	182	2	2	rs9782955	0.133260931209581	rs3768058	1	0.234743	0.055104276049
78	rs72787764	rs4952111	0	0	6.47101583420958e-09	0.999999993432994	9.62081117646855e-11	2	1	rs10173253	78	4	9	rs78927709	0.98825511801926	rs10173253	1	0.226507	0.051305421049
78	rs78927709	rs4952111	0	0	0.769611228054293	0.218857779970415	0.0115309919753288	4	1	rs10173253	78	4	9	rs78927709	0.98825511801926	rs10173253	1	-0.0835342	0.00697796256964
78	rs76141566	rs4952111	0	0	0.24767809149825	0.749630526586455	0.00269138191527366	3	1	rs10173253	78	4	9	rs78927709	0.98825511801926	rs10173253	1	0.0541246	0.00292947232516
78	rs10173253	rs4952111	0	0	2.43624718391188e-33	0.999999999860847	1.38956049022869e-10	1	1	rs10173253	78	4	9	rs78927709	0.98825511801926	rs10173253	1	-0.795843	0.633366080649
78	rs72787764	rs4952110	0	0	6.47101583449502e-09	0.999999993473466	5.29544703171524e-11	2	2	rs10173253	78	4	9	rs78927709	0.98825511801926	rs10173253	1	-0.148419	0.022028199561
78	rs78927709	rs4952110	0	0	0.769339937188367	0.218779925354193	0.0118801374554696	4	2	rs10173253	78	4	9	rs78927709	0.98825511801926	rs10173253	1	0.0921999	0.00850082156001
78	rs76141566	rs4952110	0	0	0.247653377984457	0.749555527897871	0.00279109411487524	3	2	rs10173253	78	4	9	rs78927709	0.98825511801926	rs10173253	1	-0.0213496	0.00045580542016
78	rs10173253	rs4952110	0	0	2.43624718426308e-33	1	1.78483690124686e-26	1	2	rs10173253	78	4	9	rs78927709	0.98825511801926	rs10173253	1	0.466901	0.217996543801
78	rs72787764	rs7579944	0	0	6.47101583389177e-09	0.999999993383426	1.45446294437762e-10	2	3	rs10173253	78	4	9	rs78927709	0.98825511801926	rs10173253	1	0.21587	0.0465998569
78	rs78927709	rs7579944	0	0	0.771369009195764	0.219362225165125	0.00926876563906187	4	3	rs10173253	78	4	9	rs78927709	0.98825511801926	rs10173253	1	-0.0750621	0.00563431885641
78	rs76141566	rs7579944	0	0	0.247663836440185	0.749587266426469	0.00274889713334881	3	3	rs10173253	78	4	9	rs78927709	0.98825511801926	rs10173253	1	0.0770124	0.00593090975376
78	rs10173253	rs7579944	0	0	8.63493675328399e-35	0.0335106199399966	0.966489380059949	1	3	rs10173253	78	4	9	rs78927709	0.98825511801926	rs10173253	1	-0.990988	0.982057216144
78	rs72787764	rs12995859	0	0	6.4710158344244e-09	0.999999993469828	6.01998140536956e-11	2	4	rs10173253	78	4	9	rs78927709	0.98825511801926	rs10173253	1	0.143737	0.020660325169
78	rs78927709	rs12995859	0	0	0.77054687475199	0.219126290350435	0.0103268348958591	4	4	rs10173253	78	4	9	rs78927709	0.98825511801926	rs10173253	1	-0.090348	0.008162761104
78	rs76141566	rs12995859	0	0	0.247688773740263	0.749662944239425	0.00264828202130002	3	4	rs10173253	78	4	9	rs78927709	0.98825511801926	rs10173253	1	0.0432096	0.00186706953216
78	rs10173253	rs12995859	0	0	2.43624718424535e-33	1	3.89243798520053e-15	1	4	rs10173253	78	4	9	rs78927709	0.98825511801926	rs10173253	1	-0.728734	0.531053242756
78	rs72787764	rs7568254	0	0	6.47101583455093e-09	0.999999993485744	4.33405953628314e-11	2	5	rs10173253	78	4	9	rs78927709	0.98825511801926	rs10173253	1	-0.139374	0.019425111876
78	rs78927709	rs7568254	0	0	0.766816919251076	0.21805587374037	0.0151272070087059	4	5	rs10173253	78	4	9	rs78927709	0.98825511801926	rs10173253	1	0.0772981	0.00597499626361
78	rs76141566	rs7568254	0	0	0.247581519308664	0.749337456689608	0.00308102400157566	3	5	rs10173253	78	4	9	rs78927709	0.98825511801926	rs10173253	1	-0.0453007	0.00205215342049
78	rs10173253	rs7568254	0	0	2.43624718424868e-33	0.999999999999545	5.15622080439732e-13	1	5	rs10173253	78	4	9	rs78927709	0.98825511801926	rs10173253	1	0.724807	0.525345187249
78	rs72787764	rs10173253	0	0	6.47101583402419e-09	0.999999993407982	1.20826993176784e-10	2	6	rs10173253	78	4	9	rs78927709	0.98825511801926	rs10173253	1	-0.214831	0.046152358561
78	rs78927709	rs10173253	0	0	0.771123779879184	0.21929184965206	0.00958437046877703	4	6	rs10173253	78	4	9	rs78927709	0.98825511801926	rs10173253	1	0.0683433	0.00467080665489
78	rs76141566	rs10173253	0	0	0.247679362398469	0.749634383419648	0.00268625418315523	3	6	rs10173253	78	4	9	rs78927709	0.98825511801926	rs10173253	1	-0.0790224	0.00624453970176
78	rs10173253	rs10173253	0	0	6.67702151212758e-36	0.000742183897502709	0.999257816103388	1	6	rs10173253	78	4	9	rs78927709	0.98825511801926	rs10173253	1	1	1
78	rs72787764	rs2055782	0	0	6.47101583378878e-09	0.999999993371603	1.58672820852217e-10	2	7	rs10173253	78	4	9	rs78927709	0.98825511801926	rs10173253	1	-0.231568	0.053623738624
78	rs78927709	rs2055782	0	0	0.771178590498218	0.219307579115641	0.00951383038669274	4	7	rs10173253	78	4	9	rs78927709	0.98825511801926	rs10173253	1	0.0755652	0.00571009945104
78	rs76141566	rs2055782	0	0	0.247684872239412	0.749651104261826	0.00266402349900769	3	7	rs10173253	78	4	9	rs78927709	0.98825511801926	rs10173253	1	-0.0543407	0.00295291167649
78	rs10173253	rs2055782	0	0	2.43624718422763e-33	0.999999999992724	8.4738534359337e-12	1	7	rs10173253	78	4	9	rs78927709	0.98825511801926	rs10173253	1	0.798629	0.637808279641
78	rs72787764	rs10175798	0	0	6.47101583160531e-09	0.999999993029633	4.99573595233258e-10	2	9	rs10173253	78	4	9	rs78927709	0.98825511801926	rs10173253	1	-0.216896	0.047043874816
78	rs78927709	rs10175798	0	0	0.771551346565241	0.219414552049164	0.00903410138523395	4	9	rs10173253	78	4	9	rs78927709	0.98825511801926	rs10173253	1	0.073732	0.005436407824
78	rs76141566	rs10175798	0	0	0.247324744408289	0.748558215855234	0.00411703973619519	3	9	rs10173253	78	4	9	rs78927709	0.98825511801926	rs10173253	1	-0.0851661	0.00725326458921
78	rs10173253	rs10175798	0	0	2.43515768024859e-33	0.999551897942598	0.000448102057418108	1	9	rs10173253	78	4	9	rs78927709	0.98825511801926	rs10173253	1	0.967266	0.935603514756
78	rs72787764	rs12473138	0	0	6.47101583177599e-09	0.999999993056008	4.73111064376273e-10	2	10	rs10173253	78	4	9	rs78927709	0.98825511801926	rs10173253	1	-0.218099	0.047567173801
78	rs78927709	rs12473138	0	0	0.77165820994014	0.219445219528023	0.00889657053203117	4	10	rs10173253	78	4	9	rs78927709	0.98825511801926	rs10173253	1	0.0810596	0.00657065875216
78	rs76141566	rs12473138	0	0	0.247345234467237	0.748620397519668	0.00403436801320915	3	10	rs10173253	78	4	9	rs78927709	0.98825511801926	rs10173253	1	-0.0878596	0.00771930931216
78	rs10173253	rs12473138	0	0	2.43040666549591e-33	0.997597853273139	0.00240214672662332	1	10	rs10173253	78	4	9	rs78927709	0.98825511801926	rs10173253	1	0.975657	0.951906581649
										rs13385731	66	2	0	rs13385731	0.973244956167349	rs61382538	0.28390040526349		
										rs268124	265	3	0	rs1472876	0.505770072276438	rs12713541	0.0809574683409361		
										rs4853373	423	0	0	rs6751950	0.0932368419123413	rs7585767	0.0820590584066063		
										rs6546883	102	1	0	rs6705628	0.208016813812198	rs10208256	0.253468144682038		
										rs2309756	160	1	0	rs12232979	0.143906955872582	rs76622160	0.426014524911		
171	rs72837816	rs144569746	0.119972813332684	0.147577330372626	0.0133591383934325	0.0150248076548385	0.704065910246419	3	1	rs75543804	171	3	1	rs75543804	0.724708159849937	rs35417311	0.270597149921149	-0.995908	0.991832744464
171	rs7573181	rs144569746	0.00689954365881187	0.892609993893586	0.000768273711595019	0.0993926961303243	0.000329492605683155	2	1	rs75543804	171	3	1	rs75543804	0.724708159849937	rs35417311	0.270597149921149	0.175532	0.030811483024
171	rs75543804	rs144569746	8.69484582089877e-05	0.89922948053081	9.68183085853341e-06	0.100129355022829	0.0005445341572937	1	1	rs75543804	171	3	1	rs75543804	0.724708159849937	rs35417311	0.270597149921149	-0.0923391	0.00852650938881
54	rs4954125	rs592037	0.00770251960171376	0.987798173188279	3.2203346262436e-05	0.00412919443834482	0.000337909425399942	1	1	rs4954125	54	1	1	rs4954125	0.670062519508714	rs592037	0.49736210465395	-0.0255276	0.00065165836176
										rs309173	339	2	0	rs309173	0.13676568799996	rs80274970	0.299279414027691		
										rs2111485	15	2	0	rs2111485	0.999915159200871	rs984971	0.609796582426335		
232	rs1025549	rs4410288	0	0	2.48148144821464e-12	0.220446104574888	0.779553896028553	1	1	rs9712275	232	1	8	rs1025549	0.0444444007378154	rs10177758	1	0.959152	0.919972559104
232	rs1025549	rs1401093	0	0	3.56191823488327e-12	0.317300859090501	0.68269915479995	1	2	rs9712275	232	1	8	rs1025549	0.0444444007378154	rs10177758	1	-0.956478	0.914850164484
232	rs1025549	rs938929	0	0	1.5694190703237e-12	0.138685114269031	0.861314884904767	1	3	rs9712275	232	1	8	rs1025549	0.0444444007378154	rs10177758	1	0.956478	0.914850164484
232	rs1025549	rs1607373	0	0	3.42416152303634e-12	0.3049517943082	0.695048194647301	1	4	rs9712275	232	1	8	rs1025549	0.0444444007378154	rs10177758	1	0.959152	0.919972559104
232	rs1025549	rs10177758	0	0	6.01669783335015e-12	0.537357295342759	0.462642698237652	1	5	rs9712275	232	1	8	rs1025549	0.0444444007378154	rs10177758	1	-0.97108	0.9429963664
232	rs1025549	rs11690205	0	0	1.90024658969331e-12	0.168341844775304	0.83165814894254	1	6	rs9712275	232	1	8	rs1025549	0.0444444007378154	rs10177758	1	0.99122	0.9825170884
232	rs1025549	rs1866664	0	0	6.74640471777319e-12	0.602771194874355	0.397228807784623	1	8	rs9712275	232	1	8	rs1025549	0.0444444007378154	rs10177758	1	-0.97108	0.9429963664
232	rs1025549	rs35062652	0	0	3.05241795248182e-12	0.271627178928643	0.728372821252091	1	9	rs9712275	232	1	8	rs1025549	0.0444444007378154	rs10177758	1	0.99122	0.9825170884
323	rs3087243	rs74267897	0	0	0.015427379047387	0.984334902676173	0.000237707208367552	1	1	rs3087243	323	3	2	rs3087243	0.402823304168201	rs74267897	1	-0.304183	0.092527297489
323	rs10170254	rs74267897	0	0	0.012631176233188	0.982868635823949	0.00450021485655954	3	1	rs3087243	323	3	2	rs3087243	0.402823304168201	rs74267897	1	0.670316	0.449323539856
323	rs4675393	rs74267897	0	0	0.196131901118098	0.800791586259782	0.00307651437946431	2	1	rs3087243	323	3	2	rs3087243	0.402823304168201	rs74267897	1	-0.0766131	0.00586956709161
323	rs3087243	rs76971408	0	0	0.0154274277832667	0.984338012240492	0.000234565556678029	1	2	rs3087243	323	3	2	rs3087243	0.402823304168201	rs74267897	1	0.304183	0.092527297489
323	rs10170254	rs76971408	0	0	0.0126332370250063	0.983029343600065	0.00433741997660745	3	2	rs3087243	323	3	2	rs3087243	0.402823304168201	rs74267897	1	-0.670316	0.449323539856
323	rs4675393	rs76971408	0	0	0.196125226029108	0.800764284651515	0.00311047955968984	2	2	rs3087243	323	3	2	rs3087243	0.402823304168201	rs74267897	1	0.0766131	0.00586956709161
										rs12694291	309	5	0	rs56344404	0.529688256789062	rs12694295	0.0924467466424353		
										rs4685426	167	1	0	rs34988338	0.371265077006731	rs9310511	0.311116161305848		
82	rs2618111	rs73057551	0.770067391124501	0.223517904671384	0.00483357585123507	0.00140262506849431	0.000178503284385793	3	1	rs170934	82	3	1	rs2618111	0.842902663764726	rs4585155	0.466688112863391	0.0483442	0.00233716167364
82	rs170934	rs73057551	5.90182991351841e-06	0.993307309407958	3.70447351450923e-08	0.00623390736655383	0.000452844350839567	1	1	rs170934	82	3	1	rs2618111	0.842902663764726	rs4585155	0.466688112863391	-0.315178	0.099337171684
82	rs4680885	rs73057551	0.387196786559601	0.606284791737629	0.00243036526252249	0.00380497548560126	0.000283080954646075	2	1	rs170934	82	3	1	rs2618111	0.842902663764726	rs4585155	0.466688112863391	0.0227967	0.00051968953089
535	rs57319220	rs17713054	0	0	0.000211398544152333	0.999786701522116	1.89993386364379e-06	1	1	rs57319220	535	1	3	rs57319220	0.830265845136888	rs17763742	1	-0.0134707	0.00018145975849
535	rs57319220	rs34668658	0	0	0.000211398550933935	0.999786733660441	1.86778694272563e-06	1	2	rs57319220	535	1	3	rs57319220	0.830265845136888	rs17763742	1	0.019873	0.000394936129
535	rs57319220	rs17763742	0	0	0.000211398531651977	0.999786642275721	1.95919090078205e-06	1	3	rs57319220	535	1	3	rs57319220	0.830265845136888	rs17763742	1	0.0188032	0.00035356033024
										rs7637844	15	2	0	rs7637844	0.701366209621561	rs11707718	0.637219416511484		
265	rs11712165	rs60671082	0.000835992631466489	0.989138579741388	7.96781389394714e-06	0.00942625968721862	0.000591200126033145	3	1	rs12636784	265	3	1	rs7637171	0.276871534445489	rs60671082	0.970745981723607	0.282485	0.079797775225
265	rs12636784	rs60671082	2.70466695448907e-28	0.990210102372134	2.57780776137638e-30	0.00943694883121372	0.0003529487966553	1	1	rs12636784	265	3	1	rs7637171	0.276871534445489	rs60671082	0.970745981723607	0.264103	0.069750394609
265	rs666134	rs60671082	6.02077490909933e-05	0.989894718649415	5.73837760853194e-07	0.00943342667238869	0.000611073091343776	2	1	rs12636784	265	3	1	rs7637171	0.276871534445489	rs60671082	0.970745981723607	-0.0422601	0.00178591605201
										rs77429014	56	3	0	rs28810515	0.991650815611103	rs13088484	0.265860842199094		
										rs7626070	131	1	0	rs74590261	0.342037865894522	rs73156841	0.224302539051219		
170	rs589446	rs12489264	1.89705415238271e-13	0.950100882742092	9.9013625174612e-15	0.0495883332669328	0.000310783990776523	1	1	rs485499	170	2	1	rs589446	0.24603873099323	rs34026817	0.300742254490049	-0.134579	0.018111507241
170	rs76891024	rs12489264	0.00169998720355782	0.948321980628165	8.87280395044588e-05	0.049495319993026	0.000393984135747198	2	1	rs485499	170	2	1	rs589446	0.24603873099323	rs34026817	0.300742254490049	-0.0737414	0.00543779407396
118	rs1317082	rs34058457	0	0	2.91772906123515e-34	1	5.3060491889555e-16	1	1	rs1317082	118	2	6	rs1317082	0.200351222427963	rs11919269	1	-0.765027	0.585266310729
118	rs6789970	rs34058457	0	0	1.9036183426476e-06	0.0568339922725254	0.943164109373446	2	1	rs1317082	118	2	6	rs1317082	0.200351222427963	rs11919269	1	-0.964857	0.930949030449
118	rs1317082	rs59800107	0	0	2.91772906123515e-34	1	6.64365919156654e-16	1	2	rs1317082	118	2	6	rs1317082	0.200351222427963	rs11919269	1	0.765027	0.585266310729
118	rs6789970	rs59800107	0	0	2.16245668616289e-06	0.0648342965143892	0.935163566738676	2	2	rs1317082	118	2	6	rs1317082	0.200351222427963	rs11919269	1	0.964857	0.930949030449
118	rs1317082	rs12494201	0	0	2.91772914819026e-34	1	1.05984795940633e-15	1	3	rs1317082	118	2	6	rs1317082	0.200351222427963	rs11919269	1	0.763186	0.582452870596
118	rs6789970	rs12494201	0	0	3.28445817616345e-06	0.0995136871921925	0.900483027997127	2	3	rs1317082	118	2	6	rs1317082	0.200351222427963	rs11919269	1	0.962993	0.927355518049
118	rs1317082	rs4955678	0	0	2.91772910199536e-34	1	3.71955756931054e-18	1	4	rs1317082	118	2	6	rs1317082	0.200351222427963	rs11919269	1	0.73891	0.5459879881
118	rs6789970	rs4955678	0	0	9.52683422650228e-07	0.0274420132727489	0.972557034030597	2	4	rs1317082	118	2	6	rs1317082	0.200351222427963	rs11919269	1	0.992487	0.985030445169
118	rs1317082	rs11919269	0	0	2.91772910199536e-34	1	1.94990945676175e-18	1	7	rs1317082	118	2	6	rs1317082	0.200351222427963	rs11919269	1	0.73886	0.5459140996
118	rs6789970	rs11919269	0	0	6.22813225084477e-07	0.0172462182906111	0.982753158897645	2	7	rs1317082	118	2	6	rs1317082	0.200351222427963	rs11919269	1	0.994138	0.988310363044
118	rs1317082	rs12489230	0	0	2.91772906123515e-34	1	4.29953153992206e-16	1	10	rs1317082	118	2	6	rs1317082	0.200351222427963	rs11919269	1	-0.763186	0.582452870596
118	rs6789970	rs12489230	0	0	1.99627042059947e-06	0.0596977254755012	0.940300248670279	2	10	rs1317082	118	2	6	rs1317082	0.200351222427963	rs11919269	1	-0.962993	0.927355518049
										rs1040029	24	1	0	rs1040029	0.985332713842657	rs16848791	0.520005183638379		
										rs111344337	72	1	0	rs56401136	0.67943179323336	rs199501383	0.529618701027204		
										rs113877763	144	1	0	rs232719	0.132581173429511	rs73082333	0.301698660042613		
										rs6831973	70	2	0	rs17215701	0.399065622397394	rs17280896	0.199934653234281		
										rs11736377	90	1	0	rs11736377	0.717994116075391	rs74695940	0.343465054795939		
										rs78382932	254	2	0	rs75759936	0.999747217878852	rs114132861	0.423640505953853		
										rs12642710	101	2	0	rs13102278	0.173214444174691	rs12513014	0.160970579196239		
										rs28475641	186	2	0	rs6535469	0.934515007962994	rs11726083	0.0855299451875066		
155	rs116940334	rs17752307	0	0	0.00430861519606551	0.992679166226944	0.00301220731312885	1	1	rs56023922	155	1	2	rs116940334	0.439483723497752	rs17752307	1	-0.419519	0.175996191361
155	rs116940334	rs55913164	0	0	0.00430808413852291	0.992556577102057	0.00313533448499888	1	2	rs56023922	155	1	2	rs116940334	0.439483723497752	rs17752307	1	-0.419519	0.175996191361
192	rs72877690	rs7682039	0	0	0.000267259741600967	0.999714176978842	1.85985161788089e-05	3	1	rs34051876	192	2	2	rs72877690	0.403074488840686	rs145548957	1	-0.230597	0.053174976409
192	rs2609274	rs7682039	0	0	0.000333584324748666	0.999650420270985	1.59839757240019e-05	2	1	rs34051876	192	2	2	rs72877690	0.403074488840686	rs145548957	1	-0.193726	0.037529763076
192	rs72877690	rs145548957	0	0	0.000267259550441972	0.999713461927797	1.92673412952266e-05	3	2	rs34051876	192	2	2	rs72877690	0.403074488840686	rs145548957	1	-0.230597	0.053174976409
192	rs2609274	rs145548957	0	0	0.000333584165683303	0.999649943600633	1.65045286903584e-05	2	2	rs34051876	192	2	2	rs72877690	0.403074488840686	rs145548957	1	-0.193726	0.037529763076
										rs146788138	54	2	0	rs17540668	0.15893143529372	rs78372119	0.462149549198232		
										rs4423942	107	1	0	rs4423942	0.136304816428838	rs12505557	0.244556500068181		
										rs4287962	55	1	0	rs4287962	0.0656251810232964	rs9992504	0.262602218005749		
										rs7725218	34	7	0	rs72709458	0.99999999991332	rs113838085	0.854761310175321		
										rs7717955	88	2	0	rs6891905	0.332364753809728	rs860413	0.256595430937982		
										rs741576	222	0	0	rs741576	0.138155731448073	rs7448585	0.134704232860244		
										rs1848486	92	1	0	rs79693035	0.522045970013705	rs73771183	0.154010203176644		
										rs2544920	306	1	0	rs72778635	0.035721509795025	rs2725114	0.0631508102064367		
										rs10066380	45	0	0	rs10066380	0.384441472866766	rs25640	0.357177096338701		
										rs4388254	297	3	0	rs244689	0.948287029688488	rs11952507	0.104099636220713		
										rs10036748	271	4	0	rs10036748	0.888599578390242	rs10045859	0.584815472965158		
										rs2431697	106	6	0	rs2431697	0.999999941686347	rs76689769	0.34282475113937		
129	rs4959157	rs9391912	2.57695637742749e-15	7.33119689863726e-16	0.769867572721805	0.218997765743794	0.011134661534395	3	1	rs6942325	129	3	2	rs4959157	0.967109093236297	rs9391912	0.564825294057977	0.1179	0.01390041
129	rs78262903	rs9391912	5.99257260981795e-18	3.3412086154538e-15	0.00179028538080464	0.998188436405888	2.12782133054619e-05	2	1	rs6942325	129	3	2	rs4959157	0.967109093236297	rs9391912	0.564825294057977	-0.103762	0.010766552644
129	rs17133722	rs9391912	1.49568144085976e-31	3.34727226958886e-15	4.46835907090225e-17	0.999999999999957	4.3418426991325e-14	1	1	rs6942325	129	3	2	rs4959157	0.967109093236297	rs9391912	0.564825294057977	0.473422	0.224128390084
129	rs4959157	rs2092585	6.86169733281939e-08	1.95208792226319e-08	0.771598709166803	0.219494714017113	0.00890648867823053	3	2	rs6942325	129	3	2	rs4959157	0.967109093236297	rs9391912	0.564825294057977	0.0281498	0.00079241124004
129	rs78262903	rs2092585	1.59207794678809e-10	8.87676278392886e-08	0.00179029360965688	0.998193033860007	1.65836035021007e-05	2	2	rs6942325	129	3	2	rs4959157	0.967109093236297	rs9391912	0.564825294057977	-0.109859	0.012068999881
129	rs17133722	rs2092585	3.9736360737388e-24	8.89283070291903e-08	4.46835865308517e-17	0.99999990648507	4.58662213892658e-09	1	2	rs6942325	129	3	2	rs4959157	0.967109093236297	rs9391912	0.564825294057977	0.394358	0.155518232164
47	rs74405933	rs6932936	0	0	0.000572273915177697	0.200627509084137	0.798800217000922	1	4	rs74405933	47	1	6	rs74405933	0.294018723656043	rs6932936	1	-0.966156	0.933457416336
47	rs74405933	rs74984480	0	0	0.000132281820863034	0.0448345169199241	0.95503320126083	1	5	rs74405933	47	1	6	rs74405933	0.294018723656043	rs6932936	1	0.970669	0.942198307561
47	rs74405933	rs6936285	0	0	0.000217946403225105	0.075166747387453	0.924615306209275	1	7	rs74405933	47	1	6	rs74405933	0.294018723656043	rs6932936	1	-0.952337	0.906945761569
47	rs74405933	rs16874856	0.00265959274371193	0.939823430014631	0.000160689441211402	0.0567818688491058	0.00057441895134076	1	1	rs74405933	47	1	6	rs74405933	0.294018723656043	rs6932936	1	0.2185	0.04774225
47	rs74405933	rs13210531	0.00260765277182533	0.921469340784714	0.000199519756134322	0.0704940731201641	0.00522941356716217	1	6	rs74405933	47	1	6	rs74405933	0.294018723656043	rs6932936	1	0.510683	0.260797126489
47	rs74405933	rs56020798	0.000814537914550534	0.287834225198489	0.00199791613639226	0.705999277463343	0.00335404328722546	1	3	rs74405933	47	1	6	rs74405933	0.294018723656043	rs6932936	1	0.30713	0.0943288369
										rs2206255	104	1	0	rs7382170	0.999174627338633	rs7740105	0.511658881698416		
										rs16882521	122	0	0	rs1056706	0.280855598672835	rs16882521	0.137074902059249		
160	rs6919512	rs75220020	0.466828519016855	0.316788542886229	0.127674276161448	0.0866352641693723	0.00207339776609532	5	1	rs3757247	160	3	1	rs3757247	0.874816949468566	rs75220020	0.999071342951203	-0.200001	0.040000400001
160	rs13212084	rs75220020	4.89175880295205e-16	0.783871799903376	1.33786120359271e-16	0.21437985947447	0.00174834062215455	2	1	rs3757247	160	3	1	rs3757247	0.874816949468566	rs75220020	0.999071342951203	0.39424	0.1554251776
160	rs12661174	rs75220020	0.000649650520817367	0.784381466913049	0.000177674791972746	0.214522208455425	0.000268999318736491	3	1	rs3757247	160	3	1	rs3757247	0.874816949468566	rs75220020	0.999071342951203	-0.0526987	0.00277715298169
										rs548234	251	4	0	rs548234	0.99999995010049	rs12527337	0.0925336441296287		
										rs6939565	35	2	0	rs1337778	0.517852697538615	rs77187715	0.320075087259717		
239	rs80295067	rs17087042	0.00137592287791125	0.840992220344264	4.47753308941079e-05	0.027106637652854	0.130480443794076	1	2	rs80295067	239	1	1	rs80295067	0.917986647417873	rs17087042	0.936540130089569	-0.586109	0.343523759881
										rs790251	123	1	0	rs790251	0.273221118841758	rs41292912	0.487611701816036		
										rs4722276	31	1	0	rs7776475	0.36420036045126	rs11770455	0.339636133155793		
										rs7784748	28	1	0	rs56325114	0.860833023904951	rs7793919	0.358327455946477		
										rs62447171	228	6	0	rs1870027	0.999999999313838	rs66704307	0.336219227743285		
33	rs3886536	rs956595	0.00826453712018441	0.989987100275283	1.13044436579964e-05	0.00135336209321393	0.000383696067660844	1	1	rs3886536	33	1	1	rs3886536	0.340311554593323	rs956595	0.623450827516444	-0.14334	0.0205463556
										rs3757387	302	10	0	rs1874330	1	rs56303857	0.0943727904165265		
										rs2297239	119	1	0	rs2297240	0.125088967540677	rs10274315	0.14672929496528		
										rs2736332	299	10	0	rs13259219	1	rs74383594	0.357276164283112		
										rs774471019	157	2	0	rs2272736	0.99971706902855	rs2978457	0.235787439628379		
										rs2719231	240	2	0	rs10112370	0.190685305169738	rs55857268	0.406701151141815		
344	rs9437	rs2326571	0	0	1.01640937858668e-05	0.296055434261636	0.703934402079747	1	1	rs9437	344	1	6	rs9437	0.0338994540497949	rs2056415	1	0.592569	0.351138019761
344	rs9437	rs2326568	0	0	4.46751540965178e-06	0.129004736227238	0.870990795524187	1	2	rs9437	344	1	6	rs9437	0.0338994540497949	rs2056415	1	-0.62154	0.3863119716
344	rs9437	rs603035	0	0	3.82844156335593e-06	0.110264058576982	0.889732094557841	1	3	rs9437	344	1	6	rs9437	0.0338994540497949	rs2056415	1	0.62154	0.3863119716
344	rs9437	rs595255	0	0	9.27715313495654e-06	0.270046126004662	0.729944574844883	1	4	rs9437	344	1	6	rs9437	0.0338994540497949	rs2056415	1	0.592135	0.350623858225
344	rs9437	rs9298039	0	0	3.28190331578821e-05	0.960405745564785	0.0395614121931636	1	5	rs9437	344	1	6	rs9437	0.0338994540497949	rs2056415	1	-0.592135	0.350623858225
344	rs9437	rs2056415	0	0	3.28624398366665e-05	0.961678621543667	0.0382884962728438	1	6	rs9437	344	1	6	rs9437	0.0338994540497949	rs2056415	1	-0.592569	0.351138019761
										rs4483195	241	1	0	rs12335295	0.131574451733478	rs13278052	0.205744535899705		
										rs17374162	62	1	0	rs17374162	0.285109976256808	rs1124049	0.18157603156563		
										rs1400481	293	2	0	rs28820024	0.310242430419886	rs11785509	0.232495956247981		
										rs76201203	23	2	0	rs7859374	0.839270441545351	rs7850328	0.952873534409376		
379	rs7045491	rs12349918	0	0	0.0019947908857769	0.26968412487235	0.72832108423952	1	1	rs1887428	379	1	4	rs62541511	0.832027173866909	rs10114315	1	-0.94286	0.8889849796
379	rs7045491	rs10114315	0	0	0.00730149045066343	0.992450258833976	0.000248250716806551	1	2	rs1887428	379	1	4	rs62541511	0.832027173866909	rs10114315	1	0.94168	0.8867612224
379	rs7045491	rs10974969	0	0	0.00224797575402311	0.304167601121372	0.693584423125187	1	3	rs1887428	379	1	4	rs62541511	0.832027173866909	rs10114315	1	0.944016	0.891166208256
379	rs7045491	rs11793886	0	0	0.00355975022835023	0.482829715652853	0.513610534118666	1	5	rs1887428	379	1	4	rs62541511	0.832027173866909	rs10114315	1	-0.941706	0.886810190436
										rs76371569	549	2	0	rs10811527	0.624294282449647	rs12341875	0.156305882936919		
										rs4282898	212	2	0	rs61832917	0.99924333119451	rs78090852	0.39438238183165		
										rs6602587	25	1	0	rs6602588	0.686437883763014	rs2186109	0.469663530934067		
										rs7097397	385	9	0	rs115119937	1	rs115119937	0.0814072026775373		
192	rs7902904	rs7923556	0	0	7.68657600914114e-11	1	5.34719399802892e-13	1	2	rs7902904	192	2	5	rs10821967	0.608918106905277	rs1873685	1	-0.1161	0.01347921
192	rs10740058	rs7923556	0	0	0.037124594736892	0.962483465874288	0.00039194311853854	3	2	rs7902904	192	2	5	rs10821967	0.608918106905277	rs1873685	1	0.00291847	8.5174671409e-06
192	rs7902904	rs7075261	0	0	7.68657612368005e-11	1	4.66503413730392e-13	1	3	rs7902904	192	2	5	rs10821967	0.608918106905277	rs1873685	1	0.105433	0.011116117489
192	rs10740058	rs7075261	0	0	0.0371202479491625	0.962370556976706	0.000509218674125743	3	3	rs7902904	192	2	5	rs10821967	0.608918106905277	rs1873685	1	-0.00400528	1.60422678784e-05
192	rs7902904	rs10733769	0	0	7.68657612368005e-11	1	4.66702517716472e-13	1	4	rs7902904	192	2	5	rs10821967	0.608918106905277	rs1873685	1	0.105433	0.011116117489
192	rs10740058	rs10733769	0	0	0.0371204227401702	0.962375088566035	0.00050448345673258	3	4	rs7902904	192	2	5	rs10821967	0.608918106905277	rs1873685	1	-0.00400528	1.60422678784e-05
192	rs7902904	rs1873685	0	0	7.68657612368005e-11	1	5.70559091398729e-13	1	7	rs7902904	192	2	5	rs10821967	0.608918106905277	rs1873685	1	0.1161	0.01347921
192	rs10740058	rs1873685	0	0	0.0371251888779849	0.962498941147548	0.000375850141248102	3	7	rs7902904	192	2	5	rs10821967	0.608918106905277	rs1873685	1	-0.00291847	8.5174671409e-06
192	rs7902904	rs734069	7.34832080625466e-11	0.955994039453041	3.34535439047779e-12	0.0435210666268461	0.0004848938432856	1	1	rs7902904	192	2	5	rs10821967	0.608918106905277	rs1873685	1	0.186876	0.034922639376
192	rs10740058	rs734069	0.0354809122533791	0.919870505307538	0.00161528366431646	0.0418751808786821	0.00115811789608391	3	1	rs7902904	192	2	5	rs10821967	0.608918106905277	rs1873685	1	0.0430866	0.00185645509956
										rs10823829	101	2	0	rs77919471	0.303889795306521	rs7082137	0.226285457490324		
										rs3748233	54	0	0	rs78499677	0.387437022576904	rs2614953	0.252796428737864		
										rs12241531	264	0	0	rs2297759	0.926984483156568	rs12261409	0.0871802694437559		
										rs17116149	51	1	0	rs75263779	0.291654507327952	rs12415148	0.317722393783705		
121	rs7072811	rs12245003	0	0	4.53244133175495e-13	1	2.89448835631373e-15	1	1	rs7072811	121	2	8	rs7072811	0.22252315815277	rs11195384	1	0.0584328	0.00341439211584
121	rs201965532	rs12245003	0	0	0.00783258192633049	0.372645685850054	0.619521725606296	2	1	rs7072811	121	2	8	rs7072811	0.22252315815277	rs11195384	1	-0.983537	0.967345030369
121	rs7072811	rs12265546	0	0	4.53244133175495e-13	1	3.93913371106895e-15	1	2	rs7072811	121	2	8	rs7072811	0.22252315815277	rs11195384	1	-0.0693985	0.00481615180225
121	rs201965532	rs12265546	0	0	0.00208451166568811	0.0977027879434465	0.900212704407388	2	2	rs7072811	121	2	8	rs7072811	0.22252315815277	rs11195384	1	0.993911	0.987859075921
121	rs7072811	rs4918610	0	0	4.53244133175495e-13	1	4.37855482353919e-15	1	3	rs7072811	121	2	8	rs7072811	0.22252315815277	rs11195384	1	0.0865503	0.00749095443009
121	rs201965532	rs4918610	0	0	0.00185544396500748	0.0867459749048381	0.911398580708794	2	3	rs7072811	121	2	8	rs7072811	0.22252315815277	rs11195384	1	-0.959494	0.920628736036
121	rs7072811	rs201186433	0	0	4.53244133175495e-13	1	2.6821426807723e-15	1	4	rs7072811	121	2	8	rs7072811	0.22252315815277	rs11195384	1	0.0762153	0.00580877195409
121	rs201965532	rs201186433	0	0	0.0189976260433574	0.906694416064087	0.0743079715169625	2	4	rs7072811	121	2	8	rs7072811	0.22252315815277	rs11195384	1	-0.951156	0.904697736336
121	rs7072811	rs12266042	0	0	4.53244133175495e-13	1	3.70723862656211e-15	1	5	rs7072811	121	2	8	rs7072811	0.22252315815277	rs11195384	1	0.0748847	0.00560771829409
121	rs201965532	rs12266042	0	0	0.00289080745284585	0.136269695819622	0.860839494514186	2	5	rs7072811	121	2	8	rs7072811	0.22252315815277	rs11195384	1	-0.951156	0.904697736336
121	rs7072811	rs11195384	0	0	4.53244133175495e-13	1	4.57659331717475e-15	1	6	rs7072811	121	2	8	rs7072811	0.22252315815277	rs11195384	1	-0.0847555	0.00718349478025
121	rs201965532	rs11195384	0	0	0.0014763034897944	0.0686108475250143	0.929912847235751	2	6	rs7072811	121	2	8	rs7072811	0.22252315815277	rs11195384	1	0.962385	0.926184888225
121	rs7072811	rs11195393	0	0	4.53244133175495e-13	1	4.90683878591175e-15	1	7	rs7072811	121	2	8	rs7072811	0.22252315815277	rs11195384	1	-0.0878662	0.00772046910244
121	rs201965532	rs11195393	0	0	0.00132310500257877	0.0612830268027428	0.937393874876998	2	7	rs7072811	121	2	8	rs7072811	0.22252315815277	rs11195384	1	0.959498	0.920636412004
121	rs7072811	rs1327552	0	0	4.53244133175495e-13	1	4.04440479589136e-15	1	10	rs7072811	121	2	8	rs7072811	0.22252315815277	rs11195384	1	0.0889719	0.00791599898961
121	rs201965532	rs1327552	0	0	0.00287634072821741	0.135577720302519	0.861545938544985	2	10	rs7072811	121	2	8	rs7072811	0.22252315815277	rs11195384	1	-0.955405	0.912798714025
										rs4963128	375	2	0	rs11246190	0.436208864596043	rs916457	0.220415591421121		
										rs2234290	18	1	0	rs2234290	0.994196253167424	rs72847666	0.754082342815903		
										rs12576774	183	2	0	rs3750996	0.999125221712507	rs11030585	0.0726321166886981		
										rs360050	171	1	0	rs79997851	0.155995562763059	rs79997851	0.201242722631165		
13	rs4150599	rs74708289	0	0	0.0731183777087933	0.0162020778211015	0.9106795387007	1	1	rs77885959	13	1	2	rs4150599	0.105672676690841	rs12575499	1	-1	1
13	rs4150599	rs12575499	0	0	0.102422519405226	0.0234986524344282	0.87407881949599	1	2	rs77885959	13	1	2	rs4150599	0.105672676690841	rs12575499	1	1	1
										rs2732549	279	4	0	rs663993	0.999907199147329	rs2785150	0.097208945823739		
										rs2510066	87	1	0	rs2510066	0.294593902777274	rs2244625	0.212845616273936		
										rs10896045	359	2	0	rs10896045	0.999999999999994	rs11820062	0.0992306621889735		
171	rs7126711	rs522880	2.36972291463649e-28	0.935390774037514	1.60277670050576e-29	0.0632630392120567	0.0013461867504269	1	1	rs7126711	171	3	1	rs7126711	0.753457671780331	rs2376554	0.428776783663656	0.210643	0.044370473449
171	rs1060435	rs522880	0.0941094423449868	0.842122716970797	0.00636515014293445	0.0569565968672085	0.000446093674072917	2	1	rs7126711	171	3	1	rs7126711	0.753457671780331	rs2376554	0.428776783663656	0.160796	0.025855353616
171	rs17149710	rs522880	0.000680116085337912	0.935092039091757	4.60000706616793e-05	0.0632436500740021	0.000938194678241757	4	1	rs7126711	171	3	1	rs7126711	0.753457671780331	rs2376554	0.428776783663656	-0.189262	0.035820104644
108	rs12274090	rs7126070	8.58466467068769e-08	0.947276367392681	4.64259708580995e-09	0.0512258256266241	0.00149771649145164	2	1	rs12274090	108	3	1	rs61894189	0.703753189247629	rs7126070	0.315850377067903	0.253794	0.064411394436
108	rs11235604	rs7126070	2.49111148020566e-13	0.947910705333794	1.34719611564095e-14	0.0512614704841822	0.000827824181760975	1	1	rs12274090	108	3	1	rs61894189	0.703753189247629	rs7126070	0.315850377067903	-0.386559	0.149427860481
108	rs61894189	rs7126070	0.824077141885527	0.122961539880588	0.0445661919732722	0.00664627732088776	0.00174884893972483	3	1	rs12274090	108	3	1	rs61894189	0.703753189247629	rs7126070	0.315850377067903	-0.203951	0.041596010401
479	rs630923	rs76704408	0	0	3.09406782585881e-05	0.999968825952033	2.33369732327281e-07	3	1	rs61150131	479	6	8	rs630923	0.999946226056674	rs11216989	1	0.15496	0.0240126016
479	rs10892310	rs76704408	0	0	0.166518552222404	0.831096950049576	0.00238449772791597	7	1	rs61150131	479	6	8	rs630923	0.999946226056674	rs11216989	1	0.03422	0.0011710084
479	rs77447078	rs76704408	0	0	4.09504402086936e-24	1	1.17568866505334e-23	1	1	rs61150131	479	6	8	rs630923	0.999946226056674	rs11216989	1	-0.408068	0.166519492624
479	rs12224530	rs76704408	0	0	0.550472604132174	0.440887136583356	0.00864025928426417	5	1	rs61150131	479	6	8	rs630923	0.999946226056674	rs11216989	1	0.0546637	0.00298812009769
479	rs481903	rs76704408	0	0	4.04035167165393e-07	0.999999588348231	7.61675719814566e-09	4	1	rs61150131	479	6	8	rs630923	0.999946226056674	rs11216989	1	0.345698	0.119507107204
479	rs11217066	rs76704408	0	0	2.92194782545491e-26	0.999999999999091	7.05485030920122e-13	2	1	rs61150131	479	6	8	rs630923	0.999946226056674	rs11216989	1	-0.645052	0.416092082704
479	rs630923	rs117239157	0	0	3.09406642882981e-05	0.999968350434482	7.16130692763545e-07	3	2	rs61150131	479	6	8	rs630923	0.999946226056674	rs11216989	1	-0.140806	0.019826329636
479	rs10892310	rs117239157	0	0	0.166156464872972	0.829285418722752	0.0045581420996472	7	2	rs61150131	479	6	8	rs630923	0.999946226056674	rs11216989	1	-0.170001	0.028900340001
479	rs77447078	rs117239157	0	0	4.09504403224561e-24	1	1.24346332259316e-12	1	2	rs61150131	479	6	8	rs630923	0.999946226056674	rs11216989	1	-0.762784	0.581839430656
479	rs12224530	rs117239157	0	0	0.550327578661937	0.440770435748026	0.00890196773761592	5	2	rs61150131	479	6	8	rs630923	0.999946226056674	rs11216989	1	-0.0542315	0.00294105559225
479	rs481903	rs117239157	0	0	4.04035169780111e-07	0.999999582767574	3.709773830706e-09	4	2	rs61150131	479	6	8	rs630923	0.999946226056674	rs11216989	1	0.198227	0.039293943529
479	rs11217066	rs117239157	0	0	2.92194791638512e-26	1	2.16103446456323e-28	2	2	rs61150131	479	6	8	rs630923	0.999946226056674	rs11216989	1	0.14104	0.0198922816
479	rs630923	rs715412	0	0	3.09406674704395e-05	0.999968476591964	5.82740653978588e-07	3	3	rs61150131	479	6	8	rs630923	0.999946226056674	rs11216989	1	0.320558	0.102757431364
479	rs10892310	rs715412	0	0	0.166636656658604	0.831687832673774	0.00167551066777532	7	3	rs61150131	479	6	8	rs630923	0.999946226056674	rs11216989	1	0.183412	0.033639961744
479	rs77447078	rs715412	0	0	4.0950440208675e-24	1	2.03407119721718e-25	1	3	rs61150131	479	6	8	rs630923	0.999946226056674	rs11216989	1	0.136599	0.018659286801
479	rs12224530	rs715412	0	0	0.551620156309587	0.441810417221698	0.00656942646852787	5	3	rs61150131	479	6	8	rs630923	0.999946226056674	rs11216989	1	0.0990238	0.00980571296644
479	rs481903	rs715412	0	0	4.04035168198162e-07	0.999999590910276	5.05440520390883e-09	4	3	rs61150131	479	6	8	rs630923	0.999946226056674	rs11216989	1	0.234081	0.054793914561
479	rs11217066	rs715412	0	0	2.46878796347965e-26	0.844600922022953	0.155399077977281	2	3	rs61150131	479	6	8	rs630923	0.999946226056674	rs11216989	1	-0.902834	0.815109231556
479	rs630923	rs186207867	0	0	3.09406624440908e-05	0.999968290831726	6.55369633282904e-07	3	4	rs61150131	479	6	8	rs630923	0.999946226056674	rs11216989	1	-0.140806	0.019826329636
479	rs10892310	rs186207867	0	0	0.166217254979507	0.829589464412366	0.00419327909396076	7	4	rs61150131	479	6	8	rs630923	0.999946226056674	rs11216989	1	-0.170001	0.028900340001
479	rs77447078	rs186207867	0	0	4.09504452041293e-24	1	2.02552128250267e-12	1	4	rs61150131	479	6	8	rs630923	0.999946226056674	rs11216989	1	-0.762784	0.581839430656
479	rs12224530	rs186207867	0	0	0.550555633158461	0.440953878500058	0.0084904087067972	5	4	rs61150131	479	6	8	rs630923	0.999946226056674	rs11216989	1	-0.0542315	0.00294105559225
479	rs481903	rs186207867	0	0	4.04035193862484e-07	0.999999523162955	3.86338266861277e-09	4	4	rs61150131	479	6	8	rs630923	0.999946226056674	rs11216989	1	0.198227	0.039293943529
479	rs11217066	rs186207867	0	0	2.92194791638512e-26	1	2.30833712482356e-28	2	4	rs61150131	479	6	8	rs630923	0.999946226056674	rs11216989	1	0.14104	0.0198922816
479	rs630923	rs6589684	0	0	3.09406780374398e-05	0.999968818789986	2.40531941740564e-07	3	7	rs61150131	479	6	8	rs630923	0.999946226056674	rs11216989	1	0.306841	0.094151399281
479	rs10892310	rs6589684	0	0	0.166512934985251	0.831068846720742	0.00241821829400319	7	7	rs61150131	479	6	8	rs630923	0.999946226056674	rs11216989	1	0.172946	0.029910318916
479	rs77447078	rs6589684	0	0	4.09504402086936e-24	1	1.56057663477841e-24	1	7	rs61150131	479	6	8	rs630923	0.999946226056674	rs11216989	1	0.115119	0.013252384161
479	rs12224530	rs6589684	0	0	0.547702064640777	0.438658056702957	0.0136398786562222	5	7	rs61150131	479	6	8	rs630923	0.999946226056674	rs11216989	1	0.109685	0.012030799225
479	rs481903	rs6589684	0	0	4.04035168987758e-07	0.999999592867622	3.09722179054102e-09	4	7	rs61150131	479	6	8	rs630923	0.999946226056674	rs11216989	1	0.263867	0.069625793689
479	rs11217066	rs6589684	0	0	1.4554885969994e-27	0.0479080881243754	0.9520919118756	2	7	rs61150131	479	6	8	rs630923	0.999946226056674	rs11216989	1	-0.844686	0.713494438596
479	rs630923	rs11216989	0	0	3.0940668905894e-05	0.999968523077048	5.36253967417673e-07	3	8	rs61150131	479	6	8	rs630923	0.999946226056674	rs11216989	1	0.059005	0.003481590025
479	rs10892310	rs11216989	0	0	0.166375236033196	0.830379931717969	0.00324483224896068	7	8	rs61150131	479	6	8	rs630923	0.999946226056674	rs11216989	1	0.0575541	0.00331247442681
479	rs77447078	rs11216989	0	0	4.09504402086936e-24	1	6.517390562972e-22	1	8	rs61150131	479	6	8	rs630923	0.999946226056674	rs11216989	1	-0.326675	0.106716555625
479	rs12224530	rs11216989	0	0	0.550947081645607	0.441268884716573	0.00778403363782139	5	8	rs61150131	479	6	8	rs630923	0.999946226056674	rs11216989	1	-0.0634722	0.00402872017284
479	rs481903	rs11216989	0	0	4.03807386556459e-07	0.999434694477611	0.000564901715062319	4	8	rs61150131	479	6	8	rs630923	0.999946226056674	rs11216989	1	0.60535	0.3664486225
479	rs11217066	rs11216989	0	0	2.92194782545757e-26	1	1.02515756883586e-26	2	8	rs61150131	479	6	8	rs630923	0.999946226056674	rs11216989	1	-0.333229	0.111041566441
479	rs630923	rs543692	0	0	3.09406773748816e-05	0.999968797334311	2.61988529203028e-07	3	9	rs61150131	479	6	8	rs630923	0.999946226056674	rs11216989	1	0.0178519	0.00031869033361
479	rs10892310	rs543692	0	0	0.166637438960878	0.831691746571718	0.00167081446761095	7	9	rs61150131	479	6	8	rs630923	0.999946226056674	rs11216989	1	0.0923022	0.00851969612484
479	rs77447078	rs543692	0	0	4.09504402086936e-24	1	2.92711871398882e-25	1	9	rs61150131	479	6	8	rs630923	0.999946226056674	rs11216989	1	-0.264727	0.070080384529
479	rs12224530	rs543692	0	0	0.55101605879794	0.441324381338297	0.00765955986356526	5	9	rs61150131	479	6	8	rs630923	0.999946226056674	rs11216989	1	-0.0073198	5.357947204e-05
479	rs481903	rs543692	0	0	4.04025834525887e-07	0.999976443485657	2.31524883650881e-05	4	9	rs61150131	479	6	8	rs630923	0.999946226056674	rs11216989	1	0.734841	0.539991295281
479	rs11217066	rs543692	0	0	2.92194782545757e-26	1	5.08932858398514e-25	2	9	rs61150131	479	6	8	rs630923	0.999946226056674	rs11216989	1	-0.297499	0.088505655001
479	rs630923	rs28827279	0	0	3.09405890482013e-05	0.999965936991784	3.12241910748127e-06	3	10	rs61150131	479	6	8	rs630923	0.999946226056674	rs11216989	1	-0.15179	0.0230402041
479	rs10892310	rs28827279	0	0	0.166255396889418	0.829780370262854	0.00396423284770303	7	10	rs61150131	479	6	8	rs630923	0.999946226056674	rs11216989	1	-0.00082204	6.757497616e-07
479	rs77447078	rs28827279	0	0	4.09504402086936e-24	1	1.36807649060438e-23	1	10	rs61150131	479	6	8	rs630923	0.999946226056674	rs11216989	1	-0.441129	0.194594794641
479	rs12224530	rs28827279	0	0	0.548308860904386	0.439146263908409	0.0125448751873015	5	10	rs61150131	479	6	8	rs630923	0.999946226056674	rs11216989	1	0.0371249	0.00137825820001
479	rs481903	rs28827279	0	0	4.04035168478999e-07	0.999999591606039	4.35888188201021e-09	4	10	rs61150131	479	6	8	rs630923	0.999946226056674	rs11216989	1	0.348972	0.121781456784
479	rs11217066	rs28827279	0	0	2.92194782545757e-26	1	1.49952929865321e-28	2	10	rs61150131	479	6	8	rs630923	0.999946226056674	rs11216989	1	0.163792	0.026827819264
										rs61909064	249	10	0	rs12576753	1	rs149204729	0.160122572002099		
										rs10848975	160	3	0	rs10848975	0.986047052054594	rs611150	0.315514959232529		
										rs11064247	129	3	0	rs2286599	0.714579025304647	rs12426815	0.251459346620755		
138	rs4251697	rs12822507	0	0	4.2270153318618e-48	1	5.46889106173562e-47	1	1	rs542129885	138	3	2	rs4251697	1	rs12822507	1	-0.273124	0.074596719376
138	rs142518706	rs12822507	0	0	3.28303846577785e-07	0.999999642372195	3.83281038627566e-09	2	1	rs542129885	138	3	2	rs4251697	1	rs12822507	1	-0.167794	0.028154826436
138	rs112677364	rs12822507	0	0	0.353597899456583	0.642335225334193	0.00406688113741346	3	1	rs542129885	138	3	2	rs4251697	1	rs12822507	1	0.0501847	0.00251850411409
138	rs4251697	rs75873714	0	0	4.2270153318618e-48	1	3.67175902322805e-49	1	2	rs542129885	138	3	2	rs4251697	1	rs12822507	1	0.273124	0.074596719376
138	rs142518706	rs75873714	0	0	3.28303846577785e-07	0.999999642372195	2.50362414958706e-09	2	2	rs542129885	138	3	2	rs4251697	1	rs12822507	1	0.167794	0.028154826436
138	rs112677364	rs75873714	0	0	0.34784101068871	0.631844820541293	0.0203141779720953	3	2	rs542129885	138	3	2	rs4251697	1	rs12822507	1	-0.0501847	0.00251850411409
										rs12319783	160	1	0	rs12319783	0.991276701327938	rs919214	0.100244856595685		
										rs2374059	206	6	0	rs10861009	1	rs4397955	0.169836128644772		
										rs11065979	28	2	0	rs78894077	0.721930564014682	rs61684705	0.42927759264025		
										rs428073	82	1	0	rs428073	0.385956817304809	rs6490163	0.416499983429456		
										rs776497260	335	2	0	rs10431386	0.539831556583332	rs1186380	0.166327033004488		
										rs923077	206	4	0	rs11059924	0.999982231995336	rs515676	0.121153890496003		
289	rs57668933	rs200877816	0	0	3.07361437308975e-20	1	6.16553401831901e-18	1	1	rs9532692	289	2	2	rs1028833	0.261709185180688	rs200877816	1	0.462414	0.213826707396
289	rs1028833	rs200877816	0	0	0.687501677446996	0.303989957552666	0.00850836574851419	2	1	rs9532692	289	2	2	rs1028833	0.261709185180688	rs200877816	1	-0.025223	0.000636199729
289	rs57668933	rs74044931	0	0	3.07361437308975e-20	1	1.07395528590125e-17	1	2	rs9532692	289	2	2	rs1028833	0.261709185180688	rs200877816	1	-0.462414	0.213826707396
289	rs1028833	rs74044931	0	0	0.687491269039296	0.303985355307291	0.00852342178493352	2	2	rs9532692	289	2	2	rs1028833	0.261709185180688	rs200877816	1	0.025223	0.000636199729
199	rs9670479	rs7491213	0.000157796291751999	0.00396570150336487	0.0380906186819281	0.957284000170068	0.00050188335288805	1	1	rs9670479	199	1	1	rs9568342	0.169649078671153	rs7491213	0.416455821087637	-0.324537	0.105324264369
										rs9557227	135	2	0	rs9557227	0.621225257992117	rs2057454	0.199551122876333		
										rs2319516	58	2	0	rs4981300	0.571496353513158	rs2783786	0.354976704094663		
146	rs12888955	rs4906266	0	0	9.12904693824504e-07	0.0685474719915873	0.93145161512454	1	1	rs1482518599	146	1	6	rs12888955	0.0430470507878654	rs12432676	1	0.990988	0.982057216144
146	rs12888955	rs35919282	0	0	1.2584076100196e-06	0.0952487712354331	0.904749976084967	1	2	rs1482518599	146	1	6	rs12888955	0.0430470507878654	rs12432676	1	0.994022	0.988079736484
146	rs12888955	rs8009520	0	0	1.1627435057831e-06	0.0878556211945458	0.912143226556303	1	3	rs1482518599	146	1	6	rs12888955	0.0430470507878654	rs12432676	1	0.994022	0.988079736484
146	rs12888955	rs12878532	0	0	1.11733144749285e-06	0.084346065343252	0.915652817326089	1	4	rs1482518599	146	1	6	rs12888955	0.0430470507878654	rs12432676	1	0.986005	0.972205860025
146	rs12888955	rs12432676	0	0	6.5487317532308e-07	0.0486061729278831	0.951393172181205	1	6	rs1482518599	146	1	6	rs12888955	0.0430470507878654	rs12432676	1	0.975991	0.952558432081
146	rs12888955	rs4145824	0	0	9.50903066028162e-07	0.0714840779937487	0.928514971098564	1	7	rs1482518599	146	1	6	rs12888955	0.0430470507878654	rs12432676	1	0.979994	0.960388240036
										rs2841280	214	9	0	rs2819439	1	rs12884027	0.234331324781056		
										rs8035957	145	2	0	rs7163084	0.99904685385997	rs4334257	0.466051900163565		
										rs12592504	36	1	0	rs12592504	0.139517112758991	rs56107345	0.358979247528561		
23	rs8026785	rs8042845	0.722132092777897	0.277757241744057	1.1427751128372e-05	4.20544793136138e-06	9.50322789863045e-05	1	1	rs62017246	23	1	3	rs8026785	0.0929743271801566	rs7174657	0.400759322767468	0.972826	0.946390426276
23	rs8026785	rs7174657	0.722136239958692	0.277758836894737	1.07824084862935e-05	3.96694356511709e-06	9.01737945199144e-05	1	2	rs62017246	23	1	3	rs8026785	0.0929743271801566	rs7174657	0.400759322767468	-0.997375	0.994756890625
23	rs8026785	rs7174657	0.722136228348436	0.277758832429026	1.07816162861025e-05	3.96660444265758e-06	9.01910018090485e-05	1	3	rs62017246	23	1	3	rs8026785	0.0929743271801566	rs7174657	0.400759322767468	-0.997375	0.994756890625
										rs72730583	243	2	0	rs61166890	0.969690658469378	rs141895851	0.0986550041023719		
139	rs148490292	rs112597175	6.21654202114119e-05	0.999494238697876	6.09284243542316e-09	9.72679409952989e-05	0.000346321848073888	1	3	rs148490292	139	1	3	rs148490292	0.035356632684058	rs112597175	0.109233139292032	0.699923	0.489892205929
139	rs148490292	rs79590310	6.21612670092097e-05	0.999427463605564	6.77551021319789e-09	0.000108132029340991	0.00040223632257615	1	1	rs148490292	139	1	3	rs148490292	0.035356632684058	rs112597175	0.109233139292032	-0.643358	0.413909516164
139	rs148490292	rs112597175	6.21654867962757e-05	0.99949530924783	6.10434950859419e-09	9.74554677705574e-05	0.000345063693254089	1	2	rs148490292	139	1	3	rs148490292	0.035356632684058	rs112597175	0.109233139292032	0.699923	0.489892205929
										rs72736584	45	2	0	rs149386066	0.403414995632195	rs114370360	0.774947959875898		
										rs35346340	24	1	0	rs4932373	0.243350344181637	rs12906125	0.37544445942939		
										rs12917656	408	7	0	rs9937874	0.663663797965967	rs3960630	0.198329852385295		
154	rs8054855	rs13329786	0.505882323733316	0.481916467713919	0.00582888178026937	0.00555109972820253	0.000821227044292206	2	1	rs7404928	154	1	1	rs7404928	0.324722196579372	rs13329786	0.521043745227934	-0.135782	0.018436751524
										rs1143679	231	4	0	rs11645653	0.998381817512348	rs12598380	0.195289551600103		
										rs8047421	288	2	0	rs79680109	0.339977123086818	rs9940053	0.114379556948819		
										rs223886	172	1	0	rs223881	0.823312257714299	rs498056	0.177155459588215		
266	rs889560	rs1094283	0	0	2.13400428977182e-07	0.999996932286352	2.85431781952545e-06	1	1	rs889561	266	1	4	rs111362836	0.0988598307316962	rs1094283	1	-0.629457	0.396216114849
266	rs889560	rs3785115	0	0	2.13401024013244e-07	0.999999761581449	1.25497008973177e-08	1	2	rs889561	266	1	4	rs111362836	0.0988598307316962	rs1094283	1	0.220549	0.048641861401
266	rs889560	rs1094284	0	0	2.13400713380947e-07	0.999998267683304	1.51890448062723e-06	1	3	rs889561	266	1	4	rs111362836	0.0988598307316962	rs1094283	1	0.628937	0.395561749969
266	rs889560	rs1826363	0	0	2.13401024013244e-07	0.999999761581449	1.02490747086416e-08	1	4	rs889561	266	1	4	rs111362836	0.0988598307316962	rs1094283	1	0.220549	0.048641861401
										rs3813582	117	2	0	rs77328057	0.331749292843293	rs78903907	0.463823298416789		
172	rs12596341	rs151097891	1.90734357276641e-05	0.986126179939598	2.61767773817673e-07	0.0135331568393392	0.00032132801756195	3	1	rs11649485	172	6	1	rs12596341	0.99837707428903	rs151097891	0.98724652710619	0.0647281	0.00418972692961
172	rs77992511	rs151097891	0.0330974185149696	0.952922264414325	0.000454235811915595	0.0130772043426473	0.000448876916142352	6	1	rs11649485	172	6	1	rs12596341	0.99837707428903	rs151097891	0.98724652710619	0.0373395	0.00139423826025
172	rs450443	rs151097891	2.21865978007204e-39	0.986138680546803	3.0449345350293e-41	0.0135333150474797	0.000328004405712501	2	1	rs11649485	172	6	1	rs12596341	0.99837707428903	rs151097891	0.98724652710619	0.0179828	0.00032338109584
172	rs11117432	rs151097891	3.3521519646834e-21	0.985945196330795	4.60056263497933e-23	0.0135302665647144	0.000524537104489427	1	1	rs11649485	172	6	1	rs12596341	0.99837707428903	rs151097891	0.98724652710619	-0.0985584	0.00971375821056
172	rs7500435	rs151097891	0.0113320209050183	0.974539465274581	0.000155522996879873	0.0133735822114708	0.00059940861205071	4	1	rs11649485	172	6	1	rs12596341	0.99837707428903	rs151097891	0.98724652710619	-0.156138	0.024379075044
172	rs68143182	rs151097891	0.370532687781751	0.61539719782979	0.00508526718480134	0.00844475814853646	0.000540089055121987	5	1	rs11649485	172	6	1	rs12596341	0.99837707428903	rs151097891	0.98724652710619	0.0674182	0.00454521369124
65	rs61759532	rs2292068	1.73966804699407e-14	0.973552004151656	2.08848257796713e-16	0.0116579738138576	0.0147900220344676	1	1	rs61759532	65	2	1	rs61759532	0.999999999771084	rs2292068	0.943383758747862	-0.299215	0.089529616225
65	rs7225078	rs2292068	0.00119902900488426	0.986515238493489	1.43944196222083e-05	0.0118423202767849	0.000429017805219139	2	1	rs61759532	65	2	1	rs61759532	0.999999999771084	rs2292068	0.943383758747862	0.266585	0.071067562225
										rs34562254	75	2	0	rs2001855	0.533017247197548	rs150540395	0.488436874820411		
338	rs4252665	rs9303277	0	0	0.000592060237338919	0.999397784285607	1.01554770410707e-05	1	2	rs113479772	338	1	5	rs4252665	0.140025498339056	rs11655198	1	0.172645	0.029806296025
338	rs4252665	rs9916765	0	0	0.00059204976224253	0.999380066866174	2.78833719817279e-05	1	3	rs113479772	338	1	5	rs4252665	0.140025498339056	rs11655198	1	-0.172129	0.029628392641
338	rs4252665	rs1453559	0	0	0.00059205088250028	0.999381961651634	2.59874662036475e-05	1	4	rs113479772	338	1	5	rs4252665	0.140025498339056	rs11655198	1	-0.177209	0.031403029681
338	rs4252665	rs11655198	0	0	0.000592048339503129	0.999377653025907	3.029997074333e-05	1	9	rs113479772	338	1	5	rs4252665	0.140025498339056	rs11655198	1	0.18048	0.0325730304
338	rs4252665	rs12950209	0	0	0.000592043787261435	0.999369953949726	3.80012368352509e-05	1	10	rs113479772	338	1	5	rs4252665	0.140025498339056	rs11655198	1	-0.18048	0.0325730304
1196	rs1635299	rs413917	0	0	0.0166288439092953	0.982838114275656	0.000533072778447441	1	1	rs1635299	1196	1	2	rs1635299	0.849395279154889	rs413917	1	-0.157123	0.024687637129
1196	rs1635299	rs78993847	0	0	0.016630306920399	0.982924819040601	0.000444869503893594	1	2	rs1635299	1196	1	2	rs1635299	0.849395279154889	rs413917	1	-0.157123	0.024687637129
										rs4542691	356	1	0	rs4542691	0.116571396372174	rs28372681	0.73286141314319		
										rs591549	15	2	0	rs591549	0.999997526685	rs495531	0.751163993846717		
										rs1788098	108	1	0	rs77035486	0.287166051788501	rs1808094	0.235233550598607		
										rs10411830	255	2	0	rs9304881	0.999979561193136	rs9304954	0.316513926356676		
										rs6510917	64	1	0	rs6510917	0.702557846001768	rs10084113	0.260296446729152		
181	rs12974442	rs73923215	3.67692673202638e-140	3.66696323029859e-135	1.66264769146473e-06	0.164142523844086	0.835855813508202	1	3	rs34536443	181	2	7	rs12974442	0.519297693547845	rs2228615	1	-0.791596	0.626624227216
181	rs78295726	rs73923215	1.18546827575663e-137	2.21029138414805e-134	0.000536049868718814	0.999458541159491	5.40897176671753e-06	2	3	rs34536443	181	2	7	rs12974442	0.519297693547845	rs2228615	1	0.245967	0.060499765089
181	rs12974442	rs892188	0	0	1.00269562980739e-05	0.999978602161463	1.13538520271209e-05	1	4	rs34536443	181	2	7	rs12974442	0.519297693547845	rs2228615	1	-0.250368	0.062684135424
181	rs78295726	rs892188	0	0	0.000536038038361246	0.999436418141664	2.75579357837093e-05	2	4	rs34536443	181	2	7	rs12974442	0.519297693547845	rs2228615	1	-0.078895	0.006224421025
181	rs12974442	rs34403566	0	0	1.00270232354522e-05	0.999985277761114	4.66830406107073e-06	1	5	rs34536443	181	2	7	rs12974442	0.519297693547845	rs2228615	1	0.250951	0.062976404401
181	rs78295726	rs34403566	0	0	0.000536044204815588	0.999447915420962	1.60549685408782e-05	2	5	rs34536443	181	2	7	rs12974442	0.519297693547845	rs2228615	1	0.0767347	0.00588821418409
181	rs12974442	rs2228615	0	0	1.00270142705989e-05	0.999984264497584	5.72861840213455e-06	1	8	rs34536443	181	2	7	rs12974442	0.519297693547845	rs2228615	1	-0.249542	0.062271209764
181	rs78295726	rs2228615	0	0	0.000536042830936199	0.999445353839512	1.85337055603477e-05	2	8	rs34536443	181	2	7	rs12974442	0.519297693547845	rs2228615	1	-0.0784396	0.00615277084816
181	rs12974442	rs34016352	0	0	1.00269568957271e-05	0.999978542558095	1.14260187962487e-05	1	9	rs34536443	181	2	7	rs12974442	0.519297693547845	rs2228615	1	-0.248962	0.061982077444
181	rs78295726	rs34016352	0	0	0.000536037463255131	0.999435345863291	2.85788831444468e-05	2	9	rs34536443	181	2	7	rs12974442	0.519297693547845	rs2228615	1	-0.0806023	0.00649673076529
181	rs12974442	rs2304256	7.41489647775387e-115	7.39480406383002e-110	8.05376459738511e-06	0.802799717477028	0.197192228758393	1	1	rs34536443	181	2	7	rs12974442	0.519297693547845	rs2228615	1	0.660766	0.436611706756
181	rs78295726	rs2304256	4.93524172347654e-113	9.20169901056655e-110	0.000536046257575177	0.999451794725346	1.21590170590057e-05	2	1	rs34536443	181	2	7	rs12974442	0.519297693547845	rs2228615	1	0.045043	0.002028871849
181	rs12974442	rs7259385	1.14137649913867e-44	1.13828366984125e-39	4.4209041991589e-07	0.0421735952216677	0.957825962687906	1	10	rs34536443	181	2	7	rs12974442	0.519297693547845	rs2228615	1	0.926636	0.858654276496
181	rs78295726	rs7259385	1.38395514555626e-41	2.58036777265754e-38	0.000536048632423603	0.999456231480038	7.71988753354798e-06	2	10	rs34536443	181	2	7	rs12974442	0.519297693547845	rs2228615	1	-0.238312	0.056792609344
88	rs12978739	rs11882867	0	0	0.00131697458287071	0.0608281874117748	0.937854828917209	1	1	rs375039649	88	1	4	rs12978739	0.183345167603185	rs12461009	1	-0.902787	0.815024367369
88	rs12978739	rs8105701	0	0	0.0197880786777995	0.942075281742038	0.0381366594044751	1	2	rs375039649	88	1	4	rs12978739	0.183345167603185	rs12461009	1	0.902787	0.815024367369
88	rs12978739	rs12461009	0	0	0.000648393867710515	0.0289305369932521	0.970421069138057	1	7	rs375039649	88	1	4	rs12978739	0.183345167603185	rs12461009	1	0.997047	0.994102720209
88	rs12978739	rs12978739	0	0	0.000229761194508531	0.00895778290599954	0.990812455896326	1	8	rs375039649	88	1	4	rs12978739	0.183345167603185	rs12461009	1	1	1
										rs8103622	244	3	0	rs12610610	0.217744227594409	rs7259135	0.140429635913237		
										rs71336931	210	3	0	rs405858	0.865160459815183	rs7254365	0.276685945036814		
86	rs67744888	rs7254679	0	0	0.00943401750250249	0.549394495368069	0.441171488876546	1	1	rs7252748	86	1	4	rs67744888	0.0654399632040215	rs12980298	1	-0.869438	0.755922435844
86	rs67744888	rs12980298	0	0	0.00897042520617091	0.522298499588331	0.468731076209701	1	4	rs7252748	86	1	4	rs67744888	0.0654399632040215	rs12980298	1	0.869438	0.755922435844
86	rs67744888	rs35546772	9.9861685659343e-12	5.82483260154589e-10	0.0117803734730247	0.686534073160502	0.301685552774005	1	2	rs7252748	86	1	4	rs67744888	0.0654399632040215	rs12980298	1	-0.820189	0.672709995721
86	rs67744888	rs12985162	1.98533558890353e-06	0.000115802646299238	0.00158167001649693	0.090441517708549	0.907859024293066	1	5	rs7252748	86	1	4	rs67744888	0.0654399632040215	rs12980298	1	0.96059	0.9227331481
										rs755393386	311	2	0	rs2280401	0.536949877260923	rs12981275	0.0839781578551242		
										rs4801882	297	4	0	rs78265344	0.999937460991416	rs7252496	0.176055691765404		
										rs73068668	31	1	0	rs73068668	0.99915249168343	rs8104070	0.387694106358043		
										rs202554	228	3	0	rs497134	0.7303736813794	rs2273333	0.177513791012022		
										rs4810485	96	1	0	rs4810485	0.317065066027348	rs3848726	0.250589206829615		
										rs2426414	40	2	0	rs13042459	0.960521088947032	rs2426410	0.290361173783372		
										rs4812068	49	1	0	rs4812058	0.340541113390498	rs34524896	0.607529496147443		
64	rs60975870	rs9305744	0	0	0.0129687774978172	0.986875479808741	0.000155742693679864	1	1	rs60975870	64	1	8	rs60975870	0.580184043597808	rs2070788	1	0.0384326	0.00147706474276
64	rs60975870	rs4818239	3.91011151255607e-22	2.97544960861189e-20	0.0129575806548649	0.986021711725031	0.00102070762010146	1	3	rs60975870	64	1	8	rs60975870	0.580184043597808	rs2070788	1	0.110063	0.012113863969
64	rs60975870	rs456016	0	0	0.0129688993143674	0.986884768418317	0.000146332267769592	1	4	rs60975870	64	1	8	rs60975870	0.580184043597808	rs2070788	1	0.087288	0.007619194944
64	rs60975870	rs7364083	0	0	0.0129684677121095	0.986851858407191	0.000179673880569001	1	5	rs60975870	64	1	8	rs60975870	0.580184043597808	rs2070788	1	0.0259217	0.00067193453089
64	rs60975870	rs467375	0	0	0.0129596824042707	0.986181971771397	0.00085834582456394	1	6	rs60975870	64	1	8	rs60975870	0.580184043597808	rs2070788	1	-0.102712	0.010549754944
64	rs60975870	rs2070789	0	0	0.0129686018415511	0.986862085880048	0.000169312278921399	1	7	rs60975870	64	1	8	rs60975870	0.580184043597808	rs2070788	1	0.0408748	0.00167074927504
64	rs60975870	rs2070788	0	0	0.0129688621084281	0.986881931435591	0.000149206455599997	1	9	rs60975870	64	1	8	rs60975870	0.580184043597808	rs2070788	1	0.0277412	0.00076957417744
64	rs60975870	rs11088550	0.0113114220402552	0.86075719770252	0.00165305910366264	0.125790681741977	0.000487639411585167	1	2	rs60975870	64	1	8	rs60975870	0.580184043597808	rs2070788	1	-0.019799	0.000392000401
										rs1893592	31	0	4	rs1893592	0.912972098006334	rs34217522	1		
43	rs3180408	rs9605536	0	0	1.33728604236182e-06	0.0248331253666465	0.975165543593405	1	1	rs3180408	43	2	2	rs5993022	0.738652898049535	rs3994301	1	-0.996206	0.992426394436
43	rs5993022	rs9605536	0	0	0.102983431749538	0.892233684896179	0.00478289354672303	2	1	rs3180408	43	2	2	rs5993022	0.738652898049535	rs3994301	1	-0.349226	0.121958799076
43	rs3180408	rs3994301	0	0	1.9705949546792e-06	0.0375425946302383	0.96245542743561	1	2	rs3180408	43	2	2	rs5993022	0.738652898049535	rs3994301	1	0.996206	0.992426394436
43	rs5993022	rs3994301	0	0	0.103036203876018	0.892691932599317	0.00427187505981728	2	2	rs3180408	43	2	2	rs5993022	0.738652898049535	rs3994301	1	0.349226	0.121958799076
										rs5753605	215	2	0	rs5753595	0.604694966273899	rs2413028	0.200373606667198		
										rs229527	145	4	0	rs229527	0.473123746512738	rs2213431	0.172896420508856		
										rs74804869	176	2	0	rs74804869	0.622322801647233	rs11089950	0.245105064993063		
62	rs6639222	rs1269015	6.77310715017618e-07	0.997872148145102	1.21893292016376e-09	0.00179517236167883	0.000332000963572414	1	1	rs57441276	62	2	1	rs5979754	0.682817462997423	rs5935409	0.305971131457278	-0.117849	0.013888386801
62	rs4830478	rs1269015	0.0138358814540288	0.983940533004697	2.4899962469013e-05	0.00176990655444833	0.000428779024356511	2	1	rs57441276	62	2	1	rs5979754	0.682817462997423	rs5935409	0.305971131457278	0.24775	0.0613800625
119	rs1059702	rs1734787	0	0	3.73825008421644e-43	0.999999060291416	9.3970883825381e-07	1	1	rs1059702	119	2	6	rs1059702	0.992613632662863	rs1059703	1	-0.976408	0.953372582464
119	rs5987171	rs1734787	0	0	0.000148326485014856	0.879268922125719	0.120582751388829	2	1	rs1059702	119	2	6	rs1059702	0.992613632662863	rs1059703	1	-0.641302	0.411268255204
119	rs1059702	rs1616369	0	0	3.73819496884417e-43	0.999984287129094	1.57128708002304e-05	1	2	rs1059702	119	2	6	rs1059702	0.992613632662863	rs1059703	1	0.97872	0.9578928384
119	rs5987171	rs1616369	0	0	0.000159960361941812	0.94839090534663	0.0514491342912344	2	2	rs1059702	119	2	6	rs1059702	0.992613632662863	rs1059703	1	0.637155	0.405966494025
119	rs1059702	rs1059703	0	0	2.18990050925572e-43	0.584978398224111	0.415021601775777	1	6	rs1059702	119	2	6	rs1059702	0.992613632662863	rs1059703	1	-0.979791	0.959990403681
119	rs5987171	rs1059703	0	0	0.000168012132215494	0.996230016352959	0.00360197151490839	2	6	rs1059702	119	2	6	rs1059702	0.992613632662863	rs1059703	1	-0.657047	0.431710760209
119	rs1059702	rs3027878	2.27605511369054e-126	6.08855193703515e-84	3.70579890917659e-43	0.991300825494189	0.00869917450578308	1	7	rs1059702	119	2	6	rs1059702	0.992613632662863	rs1059703	1	0.910231	0.828520473361
119	rs5987171	rs3027878	1.03262734520252e-87	6.12302089391037e-84	0.000168129025805204	0.996924532617326	0.00290733835686701	2	7	rs1059702	119	2	6	rs1059702	0.992613632662863	rs1059703	1	0.642642	0.412988740164
119	rs1059702	rs5986957	0	0	3.73825358983e-43	0.9999999999377	6.22421473235086e-11	1	8	rs1059702	119	2	6	rs1059702	0.992613632662863	rs1059703	1	0.967966	0.936958177156
119	rs5987171	rs5986957	0	0	5.22991720115784e-05	0.308728391244893	0.691219309583034	2	8	rs1059702	119	2	6	rs1059702	0.992613632662863	rs1059703	1	0.631839	0.399220521921
119	rs1059702	rs1734792	0	0	3.7382535852061e-43	0.999999998698513	1.30180208470106e-09	1	9	rs1059702	119	2	6	rs1059702	0.992613632662863	rs1059703	1	0.964799	0.930837110401
119	rs5987171	rs1734792	0	0	0.000110363007909002	0.653711195842772	0.346178441149036	2	9	rs1059702	119	2	6	rs1059702	0.992613632662863	rs1059703	1	0.632602	0.400185290404
