locus	gene	covid_signals	eqtl_signals	top_covid_snp	top_covid_pip	top_eqtl_snp	top_eqtl_pip	nsnps	hit1	hit2	PP.H0.abf	PP.H1.abf	PP.H2.abf	PP.H3.abf	PP.H4.abf	idx1	idx2	ld_between_hits	r2_between_hits
rs61759532	ENSG00000072818	0	9	rs2292068	0.350462068560635	rs12938311	1												
rs1848486	ENSG00000164199	0	0	rs10036206	0	rs2941887	0.461024187411315												
rs56023922	ENSG00000172493	0	1	rs10008165	0	rs113115795	0.922820765573401												
rs2309756	ENSG00000144218	0	6	rs10164818	0	rs11123811	1												
rs10489845	ENSG00000163565	0	10	rs112663365	0.0369272831163138	rs1057024	1												
rs10489845	ENSG00000163568	0	10	rs74230309	0.0437955381090892	rs74230309	1												
rs4282898	ENSG00000134461	0	5	rs78582814	0.440237288088084	rs10905508	0.999992287471877												
rs12642710	ENSG00000152784	0	10	rs10000339	0	rs111402170	1												
rs12642710	ENSG00000163297	0	8	rs10000154	0	rs10026615	1												
rs9670479	ENSG00000136144	2	10	rs4942902	0.999782809052987	rs67660289	1	700	rs4942902	rs9316465	0	0	1.53387506550912e-13	1	1.91918159775263e-14	2	1	0.385468	0.148585579024
rs9670479	ENSG00000136144	2	10	rs4942902	0.999782809052987	rs67660289	1	700	rs2472599	rs9316465	0	0	1.01884634005324e-28	1	7.79065236620604e-23	1	1	0.428303	0.183443459809
rs9670479	ENSG00000136144	2	10	rs4942902	0.999782809052987	rs67660289	1	700	rs4942902	rs73192659	0	0	1.53387506550912e-13	1	2.54332680416741e-14	2	2	-0.258603	0.066875511609
rs9670479	ENSG00000136144	2	10	rs4942902	0.999782809052987	rs67660289	1	700	rs2472599	rs73192659	0	0	1.01884634005324e-28	1	6.24448943007161e-29	1	2	-0.283732	0.080503847824
rs9670479	ENSG00000136144	2	10	rs4942902	0.999782809052987	rs67660289	1	700	rs4942902	rs8000962	9.01958357780122e-187	5.88025959911442e-174	1.53387506550868e-13	0.999999999999829	8.71985761374967e-16	2	3	0.112205	0.012589962025
rs9670479	ENSG00000136144	2	10	rs4942902	0.999782809052987	rs67660289	1	700	rs2472599	rs8000962	5.99108097112267e-202	5.88025959911509e-174	1.01884634005341e-28	1	2.9752554685924e-29	1	3	0.135953	0.018483218209
rs9670479	ENSG00000136144	2	10	rs4942902	0.999782809052987	rs67660289	1	700	rs4942902	rs9568292	5.61054183504811e-215	3.65775672426523e-202	1.53387506550868e-13	0.999999999999829	1.23293895961048e-14	2	4	0.134019	0.017961092361
rs9670479	ENSG00000136144	2	10	rs4942902	0.999782809052987	rs67660289	1	700	rs2472599	rs9568292	3.72669205132423e-230	3.65775672426586e-202	1.01884634005347e-28	1	4.40986162539289e-31	1	4	0.121289	0.014711021521
rs9670479	ENSG00000136144	2	10	rs4942902	0.999782809052987	rs67660289	1	700	rs4942902	rs74074799	0	0	1.53387506541844e-13	0.999999999940883	5.90029073256219e-11	2	5	-0.44296	0.1962135616
rs9670479	ENSG00000136144	2	10	rs4942902	0.999782809052987	rs67660289	1	700	rs2472599	rs74074799	0	0	1.01884634005324e-28	1	8.40864419896672e-26	1	5	-0.467948	0.218975330704
rs9670479	ENSG00000136144	2	10	rs4942902	0.999782809052987	rs67660289	1	700	rs4942902	rs9535404	0	0	1.53387506291502e-13	0.999999998305384	1.69441777619152e-09	2	6	-0.490261	0.240355848121
rs9670479	ENSG00000136144	2	10	rs4942902	0.999782809052987	rs67660289	1	700	rs2472599	rs9535404	0	0	1.01884634005347e-28	1	3.37298077273136e-23	1	6	-0.576877	0.332787073129
rs9670479	ENSG00000136144	2	10	rs4942902	0.999782809052987	rs67660289	1	700	rs4942902	rs9535290	0	0	1.53387506550842e-13	0.999999999999773	7.39603530546479e-14	2	7	-0.329752	0.108736381504
rs9670479	ENSG00000136144	2	10	rs4942902	0.999782809052987	rs67660289	1	700	rs2472599	rs9535290	0	0	1.01884634005347e-28	1	2.83344309809512e-27	1	7	-0.349007	0.121805886049
rs9670479	ENSG00000136144	2	10	rs4942902	0.999782809052987	rs67660289	1	700	rs4942902	rs67660289	0	0	1.53387506518634e-13	0.999999999789111	2.10785323670059e-10	2	8	0.648442	0.420477027364
rs9670479	ENSG00000136144	2	10	rs4942902	0.999782809052987	rs67660289	1	700	rs2472599	rs67660289	0	0	1.01884633766032e-28	0.999999997646341	2.35370643547981e-09	1	8	0.753753	0.568143585009
rs9670479	ENSG00000136144	2	10	rs4942902	0.999782809052987	rs67660289	1	700	rs4942902	rs9526617	8.07216462137065e-212	5.26259589381374e-199	1.53387506546727e-13	0.999999999972772	2.70673991902391e-11	2	9	-0.451428	0.203787239184
rs9670479	ENSG00000136144	2	10	rs4942902	0.999782809052987	rs67660289	1	700	rs2472599	rs9526617	5.36177656573852e-227	5.26259589395703e-199	1.01884634005352e-28	1	3.02233915746732e-22	1	9	-0.566788	0.321248636944
rs9670479	ENSG00000136144	2	10	rs4942902	0.999782809052987	rs67660289	1	700	rs4942902	rs9535279	9.70894982723306e-229	6.32968749903475e-216	1.53387506550868e-13	0.999999999999773	9.91772823715451e-14	2	10	0.212165	0.045013987225
rs9670479	ENSG00000136144	2	10	rs4942902	0.999782809052987	rs67660289	1	700	rs2472599	rs9535279	6.44897894207447e-244	6.32968749903547e-216	1.01884634005341e-28	1	1.7355641105147e-30	1	10	0.237188	0.056258147344
rs9670479	ENSG00000152213	1	10	rs2472599	0.430236629675477	rs61960447	1	461	rs2472599	rs9568281	1.19159896819051e-91	8.53157500075143e-90	0.0137345989043872	0.983359933632249	0.00290546746337216	1	1	-0.220608	0.048667889664
rs9670479	ENSG00000152213	1	10	rs2472599	0.430236629675477	rs61960447	1	461	rs2472599	rs9535309	1.06740019597337e-16	7.64234030983788e-15	0.0137696726563041	0.985876236487422	0.000354090856269985	1	6	0.398848	0.159079727104
rs9670479	ENSG00000152213	1	10	rs2472599	0.430236629675477	rs61960447	1	461	rs2472599	rs41284802	6.59200805128393e-06	0.00047197264009459	0.0137645254986055	0.985507922021005	0.000248987832243688	1	2	0.156948	0.024632674704
rs9670479	ENSG00000152213	1	10	rs2472599	0.430236629675477	rs61960447	1	461	rs2472599	rs9591287	0	0	0.0137577590214409	0.985021514304995	0.00122072666742288	1	4	0.185804	0.034523126416
rs9670479	ENSG00000152213	1	10	rs2472599	0.430236629675477	rs61960447	1	461	rs2472599	rs2407793	0	0	0.0137611725061736	0.985266408607325	0.000972418889521376	1	5	0.186215	0.034676026225
rs9670479	ENSG00000152213	1	10	rs2472599	0.430236629675477	rs61960447	1	461	rs2472599	rs7327293	0	0	0.0137567942471345	0.984952298323809	0.00129090742757695	1	7	0.18927	0.0358231329
rs9670479	ENSG00000152213	1	10	rs2472599	0.430236629675477	rs61960447	1	461	rs2472599	rs3990324	4.59720425884635e-30	3.29149268966562e-28	0.0136216095508114	0.97525371694706	0.0111246735021263	1	8	0.640779	0.410597726841
rs9670479	ENSG00000152213	1	10	rs2472599	0.430236629675477	rs61960447	1	461	rs2472599	rs61960451	0	0	0.0137442028077299	0.98404894840624	0.00220684871788691	1	9	-0.299341	0.089605034281
rs9670479	ENSG00000152213	1	10	rs2472599	0.430236629675477	rs61960447	1	461	rs2472599	rs61960447	0	0	0.01374672295112	0.98422975164773	0.00202352545886184	1	10	0.299341	0.089605034281
rs9670479	ENSG00000152213	1	10	rs2472599	0.430236629675477	rs61960447	1	461	rs2472599	rs41284800	4.68515326542432e-08	3.35446215891592e-06	0.013772656058318	0.986090282081832	0.000133660546157479	1	3	0.119429	0.014263286041
rs12274090	ENSG00000168010	0	10	rs12799445	0.175977036886993	rs10898879	1												
rs12274090	ENSG00000214530	0	7	rs12799445	0.175141998702838	rs10898879	1												
rs548234	ENSG00000057657	0	0	rs11153009	0	rs12529626	0.77607312936374												
rs548234	ENSG00000057663	0	1	rs10457143	0	rs75311326	0.407780191242984												
rs11065979	ENSG00000089234	1	4	rs79271898	0.0140922181065524	rs11066117	0.0778885514213855	137	rs79271898	rs12306710	0.488889327768626	0.479474273587571	0.00583188069075464	0.005679319655407	0.0201251982976419	1	1	0.839885	0.705406813225
rs11065979	ENSG00000089234	1	4	rs79271898	0.0140922181065524	rs11066117	0.0778885514213855	137	rs79271898	rs2293432	0.504129894253776	0.49442133651055	0.000260883284779458	0.000253991392821178	0.000933894558074022	1	3	-0.978323	0.957115892329
rs11065979	ENSG00000089234	1	4	rs79271898	0.0140922181065524	rs11066117	0.0778885514213855	137	rs79271898	rs2293432	0.504129887669128	0.494421330052709	0.000260880793955939	0.000253988913941677	0.000933912570265066	1	4	-0.978323	0.957115892329
rs11065979	ENSG00000089234	1	4	rs79271898	0.0140922181065524	rs11066117	0.0778885514213855	137	rs79271898	rs2293432	0.504128871867626	0.494420333813561	0.000261319114527428	0.000254416501048582	0.000935058703236852	1	2	-0.978323	0.957115892329
rs3757247	ENSG00000112182	1	9	rs75220020	0.966274727481571	rs72928038	1	233	rs75220020	rs72928038	3.47075593475164e-86	6.93543656303238e-87	0.819466995824575	0.16371632405203	0.0168166801233899	1	1	-0.215059	0.046250373481
rs3757247	ENSG00000112182	1	9	rs75220020	0.966274727481571	rs72928038	1	233	rs75220020	rs12212737	1.01877271884326e-59	2.03576214995107e-60	0.825422562823935	0.164920714888778	0.00965672228727829	1	4	-0.311857	0.097254788449
rs3757247	ENSG00000112182	1	9	rs75220020	0.966274727481571	rs72928038	1	233	rs75220020	rs404256	1.31868059817864e-07	2.63505294163647e-08	0.825374143595498	0.164910923413558	0.00971477477235335	1	7	0.139995	0.019598600025
rs3757247	ENSG00000112182	1	9	rs75220020	0.966274727481571	rs72928038	1	233	rs75220020	rs292223	0.234365795198062	0.0468321350074163	0.59323265192609	0.118528607692872	0.00704081017555952	1	9	0.0983472	0.00967217174784
rs3757247	ENSG00000112182	1	9	rs75220020	0.966274727481571	rs72928038	1	233	rs75220020	rs4997561	2.72009090678775e-64	5.43542049177757e-65	0.825272239321448	0.164890315054644	0.00983744562390879	1	10	-0.259373	0.067274353129
rs3757247	ENSG00000112182	1	9	rs75220020	0.966274727481571	rs72928038	1	233	rs75220020	rs292218	3.79565563253843e-20	7.58466724525547e-21	0.82389378925043	0.164611551901683	0.0114946588478853	1	3	0.272019	0.073994336361
rs3757247	ENSG00000112182	1	9	rs75220020	0.966274727481571	rs72928038	1	233	rs75220020	rs13216067	0.256594833036946	0.0512740515433844	0.569616101995606	0.113806095396806	0.00870891802725749	1	5	-0.124461	0.015490540521
rs3757247	ENSG00000112182	1	9	rs75220020	0.966274727481571	rs72928038	1	233	rs75220020	rs12193964	0.000521852394425466	0.000104279132409331	0.822917320910713	0.164415336052114	0.012041211510338	1	8	0.230582	0.053168058724
rs3757247	ENSG00000112182	1	9	rs75220020	0.966274727481571	rs72928038	1	233	rs75220020	rs661713	3.3180885743575e-22	6.63036907538292e-23	0.824508875706609	0.16473594047656	0.0107551838168331	1	2	-0.0129687	0.00016818717969
rs13136297	ENSG00000153064	0	3	rs10006723	0	rs28625045	0.956873923350129												
rs72736584	ENSG00000140379	0	3	rs1685167	0.310710556523556	rs150450469	0.955921438612666												
rs75543804	ENSG00000153094	0	8	rs35417311	0.175095753988824	rs185241389	1												
rs2736332	ENSG00000136573	0	7	rs7834295	0.120670334645342	rs10105377	1												
rs2736332	ENSG00000154319	0	7	rs7834295	0.12797829438572	rs10105377	1												
rs78382932	ENSG00000138756	0	9	rs10001246	0	rs58309391	1												
rs72730583	ENSG00000138621	1	8	rs17861109	0.186708382381176	rs4480762	1	185	rs17861109	rs2415250	4.31716543412972e-34	3.85872122250645e-34	0.523110543773642	0.467542205764457	0.00934725046189512	1	1	0.465012	0.216236160144
rs72730583	ENSG00000138621	1	8	rs17861109	0.186708382381176	rs4480762	1	185	rs17861109	rs7497201	0	0	0.52460964998925	0.468887809778754	0.00650254023142378	1	2	-0.254435	0.064737169225
rs72730583	ENSG00000138621	1	8	rs17861109	0.186708382381176	rs4480762	1	185	rs17861109	rs9673065	0	0	0.524207200858955	0.468526569742781	0.00726622940030426	1	3	0.336834	0.113457143556
rs72730583	ENSG00000138621	1	8	rs17861109	0.186708382381176	rs4480762	1	185	rs17861109	rs72625793	0	0	0.524365834228778	0.468668959725511	0.00696520604485121	1	4	-0.509452	0.259541340304
rs72730583	ENSG00000138621	1	8	rs17861109	0.186708382381176	rs4480762	1	185	rs17861109	rs2305667	2.12008605961548e-42	1.89495195322008e-42	0.506908856377274	0.452999503338809	0.04009164028392	1	7	0.387441	0.150110528481
rs72730583	ENSG00000138621	1	8	rs17861109	0.186708382381176	rs4480762	1	185	rs17861109	rs4480762	3.05153179528238e-248	2.72748651384104e-248	0.523835655498706	0.468193069084075	0.00797127541722091	1	9	0.403099	0.162488803801
rs72730583	ENSG00000138621	1	8	rs17861109	0.186708382381176	rs4480762	1	185	rs17861109	rs11630918	3.80931726139019e-84	3.40480196648971e-84	0.523834939398206	0.468192426309297	0.0079726342925056	1	10	-0.387691	0.150304311481
rs72730583	ENSG00000138621	1	8	rs17861109	0.186708382381176	rs4480762	1	185	rs17861109	rs936227	8.27321133386892e-52	7.39467056321327e-52	0.524457542444046	0.468751277409409	0.00679118014653836	1	8	0.155134	0.024066557956
rs72730583	ENSG00000167173	1	1	rs17861109	0.182612234706506	rs6495132	0.365148681718808	136	rs17861109	rs6495132	3.10271485905216e-05	2.18984457056197e-05	0.568118736709131	0.400906917594674	0.0309214201018983	1	1	0.12546	0.0157402116
rs229527	ENSG00000133466	0	10	rs1018808	0	rs5750400	1												
rs6602587	ENSG00000183049	0	10	rs10458820	0	rs10906116	1												
rs4722276	ENSG00000198286	0	10	rs11770455	0.131435883532374	rs10951035	0.99999998419314												
rs10848975	ENSG00000111224	0	9	rs1035001	0	rs10744628	1												
rs4810485	ENSG00000101017	0	1	rs202395	0.293940071373092	rs143392777	0.998086816714614												
rs74405933	ENSG00000112149	0	9	rs16874856	0.534119935151227	rs1022494	1												
rs74405933	ENSG00000180537	0	10	rs16874856	0.0772095495527441	rs1204179	1												
rs888096	ENSG00000115828	0	1	rs1430034	0.484699427830122	rs934213	0.416512590320672												
rs888096	ENSG00000163171	0	10	rs1430034	0.114969637182693	rs62135589	1												
rs3886536	ENSG00000008282	0	8	rs734786	0.188699947679353	rs11972328	0.993284171081067												
rs3886536	ENSG00000128536	0	8	rs734786	0.217422109941761	rs62482803	0.999140909504083												
rs12917656	ENSG00000038532	0	10	rs1035088	0	rs7184093	1												
rs6831973	ENSG00000109684	1	1	rs1605323	0.489560462138992	rs11736056	0.986224173864508	10	rs148396776	rs11736056	0.989439686382327	0.00939319432092817	0.00111178308645664	1.04649124454833e-05	4.4871297843157e-05	1	1	0.0911275	0.00830422125625
rs170934	ENSG00000187118	0	9	rs13095675	0.0979039097172307	rs67769881	1												
rs28475641	ENSG00000145287	0	8	rs10015398	0	rs58120464	1												
rs28475641	ENSG00000173085	0	3	rs7688647	0.250029357324757	rs2868763	0.841166660616897												
rs3087243	ENSG00000163599	1	10	rs16840307	0.984669970057126	rs12693993	1	319	rs16840307	rs10153657	2.61413071505975e-13	3.26878174033473e-13	0.440512510474276	0.550811741453179	0.00867574807195759	1	3	0.21906	0.0479872836
rs3087243	ENSG00000163599	1	10	rs16840307	0.984669970057126	rs12693993	1	319	rs16840307	rs12693993	3.69603551714826e-35	4.62162559067238e-35	0.441981326273499	0.552655013749819	0.00536365997667521	1	4	-0.303515	0.092121355225
rs3087243	ENSG00000163599	1	10	rs16840307	0.984669970057126	rs12693993	1	319	rs16840307	rs10932023	2.1664586118755e-151	2.70900009356566e-151	0.439041285124407	0.548965445320659	0.0119932695549188	1	6	-0.500019	0.250019000361
rs3087243	ENSG00000163599	1	10	rs16840307	0.984669970057126	rs12693993	1	319	rs16840307	rs3096864	0	0	0.442068768588456	0.552764748406001	0.00516648300546568	1	7	-0.148278	0.021986365284
rs3087243	ENSG00000163599	1	10	rs16840307	0.984669970057126	rs12693993	1	319	rs16840307	rs62182634	0	0	0.441332464942509	0.551840733214198	0.00682680184330638	1	8	0.150203	0.022560941209
rs3087243	ENSG00000163599	1	10	rs16840307	0.984669970057126	rs12693993	1	319	rs16840307	rs13030124	1.41409132796508e-294	1.76821911979721e-294	0.44112615658435	0.551581829081042	0.00729201433465533	1	1	-0.353871	0.125224684641
rs3087243	ENSG00000163599	1	10	rs16840307	0.984669970057126	rs12693993	1	319	rs16840307	rs35593994	1.98953939645368e-18	2.48777538680031e-18	0.442290382013819	0.553042859444659	0.00466675854151905	1	2	-0.192939	0.037225457721
rs3087243	ENSG00000163599	1	10	rs16840307	0.984669970057126	rs12693993	1	319	rs16840307	rs231805	3.33534598919657e-37	4.17060937480137e-37	0.441243957217129	0.5517296615343	0.00702638124857792	1	9	0.199238	0.039695780644
rs3087243	ENSG00000163599	1	10	rs16840307	0.984669970057126	rs12693993	1	319	rs16840307	rs7591187	1.52914803228793e-05	1.91208922240039e-05	0.421775629453208	0.527298192350324	0.050891765823921	1	5	-0.504282	0.254300335524
rs3087243	ENSG00000163599	1	10	rs16840307	0.984669970057126	rs12693993	1	319	rs16840307	rs231385	2.05834456869707e-17	2.57381128752023e-17	0.442108931019753	0.552815149754491	0.00507591922575643	1	10	0.420766	0.177044026756
rs61150131	ENSG00000110367	0	0	rs76704408	0.580891553930835	rs1790192	0.370596208401233												
rs61150131	ENSG00000160683	0	2	rs10790255	0	rs7104519	0.987429644620113												
rs7252748	ENSG00000256612	0	8	rs10412702	0.0575648335848061	rs12459860	1												
rs146788138	ENSG00000145358	1	2	rs78372119	0.600581862669763	rs6847724	0.490161112083336	24	rs78372119	rs6847724	0.104197033184336	0.00207364806986255	0.857360135290365	0.0170238218588755	0.0193453615965601	1	1	-0.115539	0.013349260521
rs146788138	ENSG00000145358	1	2	rs78372119	0.600581862669763	rs6847724	0.490161112083336	24	rs78372119	rs17029698	0.821746194501637	0.016353751715086	0.156082943538353	0.00310080837756249	0.0027163018673609	1	2	-0.0375061	0.00140670753721
rs111344337	ENSG00000145214	0	9	rs4130791	0.0672457712515854	rs111391498	1												
rs12319783	ENSG00000120860	0	3	rs10083092	0	rs2102476	1												
rs6942325	ENSG00000112679	0	5	rs79281532	0.600783543561421	rs73358086	1												
rs2319516	ENSG00000169413	0	10	rs1560288	0.0647845215864045	rs12884712	1												
rs16882521	ENSG00000096093	0	10	rs2748990	0.0701510955184094	rs2397092	1												
rs16882521	ENSG00000170915	0	9	rs2748990	0.0483251423274762	rs2397092	1												
rs9532692	ENSG00000120690	0	10	rs12583205	0.0398052655869969	rs138909108	1												
rs8103622	ENSG00000105656	0	10	rs34644324	0.0146077036683683	rs117503413	1												
rs34051876	ENSG00000138640	0	9	rs10007151	0	rs2860468	1												
rs2544920	ENSG00000174132	0	10	rs1000593	0	rs148874538	1												
rs113877763	ENSG00000125386	0	2	rs12498586	0.262458810953582	rs13139534	0.511836410575228												
rs113877763	ENSG00000168884	0	9	rs12498586	0.307625231717747	rs11936155	1												
rs418215	ENSG00000162747	0	8	rs6700241	0.031792018637105	rs10157457	1												
rs73011567	ENSG00000143297	0	1	rs34318284	0.95859579617478	rs61546108	0.703810991538751												
rs35346340	ENSG00000140564	0	9	rs1269997	0.00664333478984813	rs1858876	1												
rs35346340	ENSG00000182511	0	10	rs1269997	0.0168770940418466	rs112565281	1												
rs7784748	ENSG00000164916	0	1	rs13235038	0.651991800098365	rs138355886	0.596018556883187												
rs2510066	ENSG00000173264	0	9	rs12795471	0.0584642284003358	rs10792429	1												
rs542129885	ENSG00000183150	0	8	rs1291367	0.646797990411525	rs35756741	1												
rs77885959	ENSG00000110768	0	6	rs10219146	0	rs2721122	0.999999998874795												
rs8047421	ENSG00000155393	0	9	rs62029863	0.0528712984124622	rs8045659	1												
rs9268807	ENSG00000204287	1	2	rs3132466	0.365133392166457	rs3117572	0.999999565272655	75	rs3093953	rs3117572	4.45713866935251e-09	5.8925552305427e-05	7.56288782262608e-05	0.999850715684181	1.47254281493201e-05	1	1	0.156381	0.024455017161
rs9268807	ENSG00000204287	1	2	rs3132466	0.365133392166457	rs3117572	0.999999565272655	75	rs3093953	rs114205738	3.8947825727797e-05	0.514909297726507	3.65819393706998e-05	0.483628349757548	0.00138682275084765	1	2	0.0437385	0.00191305638225
rs11064247	ENSG00000010295	0	9	rs7137095	0.051445824628226	rs1059501	1												
rs76371569	ENSG00000198642	0	10	rs12341875	0.0851669761702458	rs10757210	1												
rs62447171	ENSG00000185811	0	9	rs10270964	0.229125946441025	rs10238413	1												
rs17129789	ENSG00000081985	0	9	rs10128095	0	rs12027122	1												
rs35465817	ENSG00000204084	0	10	rs56659814	0.0324850133773487	rs14614	1												
rs790251	ENSG00000074706	0	10	rs1012912	0	rs13199862	1												
rs3757387	ENSG00000128604	0	10	rs639663	0.0663159883272131	rs117720337	1												
rs11649485	ENSG00000140968	0	0	rs7190274	0.728779607931822	rs12598292	0.38905424533033												
rs1143679	ENSG00000169896	1	1	rs80000693	0.976886090979569	rs4387618	0.999507410067556	17	rs80000693	rs4387618	9.0523870876373e-06	2.14422681372891e-07	0.964367288517809	0.0228172264557183	0.0128062182167043	1	2	-0.181278	0.032861713284
rs1887428	ENSG00000096968	0	9	rs2381194	0.0494183153622599	rs11999076	1												
rs6939565	ENSG00000198945	0	9	rs144504331	0.0124785177706848	rs10457540	1												
rs10173253	ENSG00000213626	0	7	rs78576907	0.0170176972578542	rs35163883	1												
rs1400481	ENSG00000254275	0	0	rs11785509	0.349693292624476	rs7822330	0.215898079674874												
rs7637844	ENSG00000163602	0	3	rs4076079	0.35668417814931	rs113460863	0.999677439866679												
rs9557227	ENSG00000134882	0	9	rs2057455	0.108505116089662	rs2892976	1												
rs2426414	ENSG00000020256	0	6	rs1033552	0	rs13041567	1												
rs11736377	ENSG00000168421	0	6	rs76495043	0.017299190912544	rs112904351	0.999183977626044												
rs1040029	ENSG00000145012	1	5	rs6765278	0.526773111502081	rs11706161	0.999999800618519	80	rs6765278	rs4630938	5.23806028147486e-06	0.0074015746380485	0.000701936784281983	0.991862812367345	2.84381500428311e-05	1	2	-0.0208814	0.00043603286596
rs1040029	ENSG00000145012	1	5	rs6765278	0.526773111502081	rs11706161	0.999999800618519	80	rs6765278	rs11706161	1.0477157155013e-09	1.48046140193633e-06	0.000707179388218283	0.999270823203719	2.05158989457163e-05	1	3	-0.421672	0.177807275584
rs1040029	ENSG00000145012	1	5	rs6765278	0.526773111502081	rs11706161	0.999999800618519	80	rs6765278	rs6800430	0.00041089137584267	0.580604846642515	0.000295506996401865	0.417560155679555	0.00112859930568582	1	6	-0.00629839	3.96697165921e-05
rs1040029	ENSG00000145012	1	5	rs6765278	0.526773111502081	rs11706161	0.999999800618519	80	rs6765278	rs1383059	1.69469487800331e-16	2.39466710083914e-13	0.000707109282593097	0.999171559709081	0.000121331008082634	1	5	-0.639092	0.408438584464
rs1040029	ENSG00000145012	1	5	rs6765278	0.526773111502081	rs11706161	0.999999800618519	80	rs6765278	rs9840345	1.85892369172307e-35	2.62672854288932e-32	7.82908080573656e-06	0.00908096090377163	0.990911210015428	1	4	0.969559	0.940044654481
rs2719231	ENSG00000254087	0	10	rs55857268	0.178951281686333	rs10441586	1												
rs57319220	ENSG00000163818	3	10	rs17763742	1	rs2191031	1	622	rs17713054	rs17764980	0	0	0	1	0	1	4	0.703213	0.494508523369
rs57319220	ENSG00000163818	3	10	rs17763742	1	rs2191031	1	622	rs34668658	rs17764980	0	0	0	1	0	2	4	-0.677405	0.458877534025
rs57319220	ENSG00000163818	3	10	rs17763742	1	rs2191031	1	622	rs17763742	rs17764980	0	0	0	1	0	3	4	-0.672188	0.451836707344
rs57319220	ENSG00000163818	3	10	rs17763742	1	rs2191031	1	622	rs17713054	rs6441931	0	0	0	1	0	1	7	0.128275	0.016454475625
rs57319220	ENSG00000163818	3	10	rs17763742	1	rs2191031	1	622	rs34668658	rs6441931	0	0	0	1	0	2	7	-0.137876	0.019009791376
rs57319220	ENSG00000163818	3	10	rs17763742	1	rs2191031	1	622	rs17763742	rs6441931	0	0	0	1	0	3	7	-0.13605	0.0185096025
rs57319220	ENSG00000163818	3	10	rs17763742	1	rs2191031	1	622	rs17713054	rs2191031	0	0	0	1	0	1	1	0.284005	0.080658840025
rs57319220	ENSG00000163818	3	10	rs17763742	1	rs2191031	1	622	rs34668658	rs2191031	0	0	0	1	0	2	1	-0.262965	0.069150591225
rs57319220	ENSG00000163818	3	10	rs17763742	1	rs2191031	1	622	rs17763742	rs2191031	0	0	0	1	0	3	1	-0.261048	0.068146058304
rs57319220	ENSG00000163818	3	10	rs17763742	1	rs2191031	1	622	rs17713054	rs1488371	0	9.3389907978448e-99	0	1	4.37612786396731e-94	1	5	-0.226125	0.051132515625
rs57319220	ENSG00000163818	3	10	rs17763742	1	rs2191031	1	622	rs34668658	rs1488371	0	9.3389907978448e-99	0	1	1.29030809480524e-94	2	5	0.199579	0.039831777241
rs57319220	ENSG00000163818	3	10	rs17763742	1	rs2191031	1	622	rs17763742	rs1488371	0	9.33899079791275e-99	0	1	5.93087964213562e-95	3	5	0.199454	0.039781898116
rs57319220	ENSG00000163818	3	10	rs17763742	1	rs2191031	1	622	rs17713054	rs3774641	0	0	0	1	0	1	6	0.29837	0.0890246569
rs57319220	ENSG00000163818	3	10	rs17763742	1	rs2191031	1	622	rs34668658	rs3774641	0	0	0	1	0	2	6	-0.276823	0.076630973329
rs57319220	ENSG00000163818	3	10	rs17763742	1	rs2191031	1	622	rs17763742	rs3774641	0	0	0	1	0	3	6	-0.274943	0.075593653249
rs57319220	ENSG00000163818	3	10	rs17763742	1	rs2191031	1	622	rs17713054	rs57319220	0	0	0	1	0	1	10	-0.0134707	0.00018145975849
rs57319220	ENSG00000163818	3	10	rs17763742	1	rs2191031	1	622	rs34668658	rs57319220	0	0	0	1	0	2	10	0.019873	0.000394936129
rs57319220	ENSG00000163818	3	10	rs17763742	1	rs2191031	1	622	rs17763742	rs57319220	0	0	0	1	0	3	10	0.0188032	0.00035356033024
rs57319220	ENSG00000163818	3	10	rs17763742	1	rs2191031	1	622	rs17713054	rs3821883	0	4.2685828366958e-31	0	1	1.09170649993116e-33	1	9	-0.134177	0.018003467329
rs57319220	ENSG00000163818	3	10	rs17763742	1	rs2191031	1	622	rs34668658	rs3821883	0	4.2685828366958e-31	0	1	9.40205193577783e-34	2	9	0.145616	0.021204019456
rs57319220	ENSG00000163818	3	10	rs17763742	1	rs2191031	1	622	rs17763742	rs3821883	0	4.26858283672686e-31	0	1	1.05928779916781e-33	3	9	0.148987	0.022197126169
rs57319220	ENSG00000163818	3	10	rs17763742	1	rs2191031	1	622	rs17713054	rs875891	0	8.63235875445152e-67	0	1	2.98191061175702e-67	1	8	-0.128116	0.016413709456
rs57319220	ENSG00000163818	3	10	rs17763742	1	rs2191031	1	622	rs34668658	rs875891	0	8.63235875445152e-67	0	1	2.10849674932064e-66	2	8	0.138781	0.019260165961
rs57319220	ENSG00000163818	3	10	rs17763742	1	rs2191031	1	622	rs17763742	rs875891	0	8.63235875451433e-67	0	1	1.11002841039557e-66	3	8	0.136783	0.018709589089
rs57319220	ENSG00000163818	3	10	rs17763742	1	rs2191031	1	622	rs17713054	rs4682799	0	5.69226649438866e-15	0	1	6.21165741555956e-17	1	3	-0.101897	0.010382998609
rs57319220	ENSG00000163818	3	10	rs17763742	1	rs2191031	1	622	rs34668658	rs4682799	0	5.69226649438866e-15	0	1	1.81519641449406e-16	2	3	0.116727	0.013625192529
rs57319220	ENSG00000163818	3	10	rs17763742	1	rs2191031	1	622	rs17763742	rs4682799	0	5.69226649443007e-15	0	1	1.36052987824421e-16	3	3	0.118112	0.013950444544
rs57319220	ENSG00000163818	3	10	rs17763742	1	rs2191031	1	622	rs17713054	rs35883205	0	2.95528257078601e-78	0	1	2.99926633373264e-61	1	2	-0.545682	0.297768845124
rs57319220	ENSG00000163818	3	10	rs17763742	1	rs2191031	1	622	rs34668658	rs35883205	0	2.95528257078601e-78	0	1	2.26816986200597e-64	2	2	0.523653	0.274212464409
rs57319220	ENSG00000163818	3	10	rs17763742	1	rs2191031	1	622	rs17763742	rs35883205	0	2.95528257079676e-78	0	1	3.48157548296389e-64	3	2	0.519144	0.269510492736
rs3813582	ENSG00000178573	0	8	rs56219145	0.212112078417414	rs30413	1												
rs7626070	ENSG00000152601	0	10	rs10433453	0	rs112271071	1												
rs309173	ENSG00000076003	0	10	rs80274970	0.0557325375106622	rs111837148	1												
rs77429014	ENSG00000144893	0	2	rs113734899	0	rs11710513	0.999962790373919												
rs4954125	ENSG00000152127	1	10	rs592037	0.370735203207186	rs11899700	1	162	rs592037	rs6430505	0	0	0.863326401021985	0.125239218716575	0.0114343802614975	1	1	-0.0991424	0.00982921547776
rs4954125	ENSG00000152127	1	10	rs592037	0.370735203207186	rs11899700	1	162	rs592037	rs4954128	0	0	0.863427580202684	0.125254131228691	0.0113182885683755	1	2	-0.118538	0.014051257444
rs4954125	ENSG00000152127	1	10	rs592037	0.370735203207186	rs11899700	1	162	rs592037	rs11899700	0	0	0.863018910709555	0.125193898592566	0.0117871906977913	1	3	0.123124	0.015159519376
rs4954125	ENSG00000152127	1	10	rs592037	0.370735203207186	rs11899700	1	162	rs592037	rs17714981	0	0	0.863561791261797	0.125273912215672	0.0111642965226652	1	4	0.0279905	0.00078346809025
rs4954125	ENSG00000152127	1	10	rs592037	0.370735203207186	rs11899700	1	162	rs592037	rs11884032	1.29810392443191e-08	1.88344995756038e-09	0.851053762138498	0.123430389350893	0.0255158336461208	1	5	-0.0346918	0.00120352098724
rs4954125	ENSG00000152127	1	10	rs592037	0.370735203207186	rs11899700	1	162	rs592037	rs11689718	0	0	0.862343696667953	0.125094380712341	0.0125619226197867	1	6	-0.0805947	0.00649550566809
rs4954125	ENSG00000152127	1	10	rs592037	0.370735203207186	rs11899700	1	162	rs592037	rs2043872	0	0	0.863528790989127	0.12526904839914	0.0112021606119657	1	7	-0.109082	0.011898882724
rs4954125	ENSG00000152127	1	10	rs592037	0.370735203207186	rs11899700	1	162	rs592037	rs6430502	0	0	0.862106681696746	0.12505944774879	0.0128338705546409	1	8	0.0526107	0.00276788575449
rs4954125	ENSG00000152127	1	10	rs592037	0.370735203207186	rs11899700	1	162	rs592037	rs7598763	3.54754310243963e-05	5.1472149340105e-06	0.827266257079801	0.119924497905952	0.0527686223682894	1	9	0.0914031	0.00835452668961
rs4954125	ENSG00000152127	1	10	rs592037	0.370735203207186	rs11899700	1	162	rs592037	rs11677171	0	0	0.860748247542842	0.124859231996292	0.0143925204605618	1	10	-0.0662193	0.00438499569249
rs2431697	ENSG00000164611	0	2	rs4921119	0.089956186033786	rs3811999	0.679795228546267												
rs2431697	ENSG00000253522	0	8	rs10058503	0	rs114093910	1												
rs652284	ENSG00000120949	0	2	rs590368	0.0990940613645781	rs474247	0.93331165346418												
rs17374162	ENSG00000235531	0	8	rs10099332	0	rs3824153	1												
rs1317082	ENSG00000085274	1	0	rs13060556	0.296272380149106	rs4245909	0.275950362376271												
rs4483195	ENSG00000140396	0	2	rs3750226	0.0136726875844818	rs11995219	1												
rs5753605	ENSG00000100105	0	9	rs5749231	0.0942834028536204	rs2027982	1												
rs71336931	ENSG00000105185	0	10	rs7254365	0.0288499136825824	rs10402931	1												
rs2732549	ENSG00000110435	0	0	rs1923302	0.500893245198851	rs7119757	0.338872168053374												
rs148490292	ENSG00000173517	0	4	rs7119	0.0177001245978896	rs12904584	1												
rs9712275	ENSG00000115896	1	8	rs7588831	0.0924455608989373	rs1081434	1	420	rs7588831	rs6434942	0	0	0.0316253915148607	0.766959989436701	0.201414619049036	1	1	-0.948277	0.899229268729
rs9712275	ENSG00000115896	1	8	rs7588831	0.0924455608989373	rs1081434	1	420	rs7588831	rs7591457	0	0	0.0393998127578505	0.955993223630438	0.00460696367557837	1	2	0.596758	0.356120110564
rs9712275	ENSG00000115896	1	8	rs7588831	0.0924455608989373	rs1081434	1	420	rs7588831	rs116121900	1.28719980175246e-61	3.12327917777044e-60	0.0395645585015553	0.9599989777355	0.00043646376293458	1	3	0.101267	0.010255005289
rs9712275	ENSG00000115896	1	8	rs7588831	0.0924455608989373	rs1081434	1	420	rs7588831	rs77000173	2.39149139164891e-153	5.80274737238556e-152	0.0395619702547464	0.959936045119839	0.000501984625401899	1	4	0.145794	0.021255890436
rs9712275	ENSG00000115896	1	8	rs7588831	0.0924455608989373	rs1081434	1	420	rs7588831	rs78243781	0	0	0.0395409205276506	0.959424225774223	0.00103485371042427	1	5	0.433942	0.188305659364
rs9712275	ENSG00000115896	1	8	rs7588831	0.0924455608989373	rs1081434	1	420	rs7588831	rs1065953	0	0	0.039202058068904	0.951184864436413	0.00961307747483846	1	6	-0.966806	0.934713841636
rs9712275	ENSG00000115896	1	8	rs7588831	0.0924455608989373	rs1081434	1	420	rs7588831	rs55642934	0	0	0.0394098296130113	0.956236781032526	0.00435338931685363	1	8	-0.598733	0.358481205289
rs9712275	ENSG00000115896	1	8	rs7588831	0.0924455608989373	rs1081434	1	420	rs7588831	rs1081434	0	0	0.0394484269765314	0.957175266817052	0.00337630616683554	1	9	-0.623539	0.388800884521
rs4685426	ENSG00000154822	0	10	rs1011352	0	rs138718189	1												
rs2841280	ENSG00000166428	0	8	rs12884027	0.0589720364262033	rs12885004	1												
rs774471019	ENSG00000070501	0	9	rs10089089	0	rs73629348	0.999995993252526												
rs7404928	ENSG00000166501	0	10	rs13329786	0.245620057995388	rs11074582	1												
rs2476601	ENSG00000134242	0	9	rs12027327	0.0893060270509671	rs1217392	1												
rs9437	ENSG00000104388	1	5	rs659118	0.0296149912972891	rs3929643	1	447	rs659118	rs3929643	0	0	0.00619150225795773	0.990860781552023	0.00294771616367795	1	2	0.986284	0.972756128656
rs9437	ENSG00000104388	1	5	rs659118	0.0296149912972891	rs3929643	1	447	rs659118	rs7009186	0	0	0.00620555714052734	0.993114612557612	0.000679830298279995	1	3	-0.604896	0.365899170816
rs9437	ENSG00000104388	1	5	rs659118	0.0296149912972891	rs3929643	1	447	rs659118	rs13266707	0	0	0.00620641167225297	0.993251644646623	0.000541943679186728	1	4	-0.608689	0.370502298721
rs9437	ENSG00000104388	1	5	rs659118	0.0296149912972891	rs3929643	1	447	rs659118	rs55825491	0	0	0.00620122173998529	0.992419391341358	0.00137938709290234	1	6	-0.986284	0.972756128656
rs9437	ENSG00000104388	1	5	rs659118	0.0296149912972891	rs3929643	1	447	rs659118	rs79525726	8.39247698837836e-96	1.34310308563667e-93	0.00620654658110781	0.993273278516617	0.000520174902272867	1	1	-0.316171	0.099964101241
rs8035957	ENSG00000172575	0	2	rs12592794	0.252768412432746	rs8032070	0.999985409898136												
rs13385731	ENSG00000152689	0	4	rs147933784	0.0564617679854056	rs72782036	0.999999999999336												
rs301799	ENSG00000232912	1	2	rs2505973	0.45341519440803	rs6699790	0.998802691827277	87	rs2505973	rs6699790	0.132842332950638	0.237328422674836	0.223893033768932	0.399982426859087	0.00595378374650771	1	2	0.237873	0.056583564129
rs301799	ENSG00000232912	1	2	rs2505973	0.45341519440803	rs6699790	0.998802691827277	87	rs2505973	rs4908518	6.12027366570615e-07	1.09341266684929e-06	0.356852499059532	0.637520768906777	0.00562502659365735	1	1	0.113396	0.012858652816
rs2046616	ENSG00000122484	0	9	rs10874746	0.220120325594405	rs11589660	1												
rs74804869	ENSG00000100316	0	1	rs11570380	0.356138179919638	rs16998989	0.303226360027731												
rs74804869	ENSG00000100321	1	0	rs11570380	0.454847184218593	rs9622802	0.786888656102775												
rs75967767	ENSG00000078808	0	10	rs6701114	0.18123141150815	rs143737257	1												
rs12592504	ENSG00000138593	0	9	rs1007662	0	rs11070681	1												
rs4801882	ENSG00000105501	1	9	rs3852865	0.987528528772404	rs71358836	1	142	rs3852865	rs71358836	2.34202370457506e-19	1.0613752054621e-19	0.68149557872081	0.308825727516326	0.00967869376286608	1	1	-0.00506033	2.56069397089e-05
rs4801882	ENSG00000105501	1	9	rs3852865	0.987528528772404	rs71358836	1	142	rs3852865	rs117719547	0.00134233817509695	0.000608330502210547	0.670918027610242	0.304005221786646	0.0231260819258038	1	2	-0.0290497	0.00084388507009
rs4801882	ENSG00000105501	1	9	rs3852865	0.987528528772404	rs71358836	1	142	rs3852865	rs10419880	1.12902396274714e-14	5.11659227911108e-15	0.682532072327237	0.309298471645014	0.00816945602773181	1	3	0.0866899	0.00751513876201
rs4801882	ENSG00000105501	1	9	rs3852865	0.987528528772404	rs71358836	1	142	rs3852865	rs77368907	0.181538064142281	0.0822707301176383	0.502544803751703	0.227735058479866	0.00591134350851182	1	5	0.0163756	0.00026816027536
rs4801882	ENSG00000105501	1	9	rs3852865	0.987528528772404	rs71358836	1	142	rs3852865	rs6509534	0.00448099723833292	0.0020307306690449	0.576014068183023	0.260728721705145	0.156745482204455	1	6	-0.093337	0.008711795569
rs4801882	ENSG00000105501	1	9	rs3852865	0.987528528772404	rs71358836	1	142	rs3852865	rs1846934	0.00209268821622496	0.000948379549329495	0.68043076718896	0.308346161922567	0.00818200312291885	1	7	-0.174925	0.030598755625
rs4801882	ENSG00000105501	1	9	rs3852865	0.987528528772404	rs71358836	1	142	rs3852865	rs1862496	5.02722761615598e-07	2.27827529396013e-07	0.676299587860792	0.306455840583016	0.0172438410059007	1	10	-0.0353856	0.00125214068736
rs4801882	ENSG00000105501	1	9	rs3852865	0.987528528772404	rs71358836	1	142	rs3852865	rs1978455	2.50095065745028e-05	1.13339886898519e-05	0.682394129080027	0.30923562864316	0.00833389878154769	1	8	-0.0310868	0.00096638913424
rs4801882	ENSG00000105501	1	9	rs3852865	0.987528528772404	rs71358836	1	142	rs3852865	rs11084070	7.70126955731244e-09	3.49011692014221e-09	0.68266191719516	0.309357693835885	0.00798037777756777	1	9	0.0902608	0.00814701201664
rs202554	ENSG00000089012	0	9	rs10211741	0	rs2023565	1												
rs202554	ENSG00000223750	0	9	rs10211741	0	rs624375	1												
rs268124	ENSG00000198369	0	10	rs871974	0.0273451890886232	rs17038564	1												
rs12576774	ENSG00000167323	0	9	rs142980476	0.343016769226283	rs10767641	1												
rs360050	ENSG00000133789	0	9	rs10128708	0	rs10840230	1												
rs4388254	ENSG00000081059	0	7	rs5742913	0.0781239489281402	rs173424	1												
rs755393386	ENSG00000074219	1	0	rs838145	0.691585542184646	rs147051843	0.931246358341349												
rs6546883	ENSG00000187605	0	2	rs6715351	0.0371177152209934	rs6722659	0.545121102370075												
rs12636784	ENSG00000176142	0	3	rs4447803	0.0330334287734564	rs17281703	1												
rs2740174	ENSG00000196187	0	10	rs10047091	0	rs2740169	1												
rs7749323	ENSG00000118503	0	1	rs57864443	0.118772315267853	rs55642441	0.602016155544624												
rs10066380	ENSG00000145779	0	9	rs76003145	0.252043440752216	rs1394628	1												
rs2205960	ENSG00000117586	0	1	rs1041903	0	rs80122300	0.642243559179633												
rs10036748	ENSG00000145901	0	10	rs10045859	0.18050580754147	rs10463314	1												
rs7126711	ENSG00000162341	0	8	rs522880	0.0536016916128647	rs11228348	1												
rs1482518599	ENSG00000131323	0	9	rs1190226	0.159240325394236	rs1051750	1												
rs12241531	ENSG00000171206	0	6	rs11191117	0	rs7075456	0.999999929509858												
rs16826583	ENSG00000043514	0	9	rs687848	0.853976627892872	rs2248221	1												
rs2234290	ENSG00000064201	0	9	rs1011476	0	rs11823682	1												
rs34536443	ENSG00000105397	6	7	rs2228615	1	rs11879191	1	523	rs62130685	rs11671552	0	7.57099774443029e-38	0	1	2.0226248602874e-37	2	3	0.0136672	0.00018679235584
rs34536443	ENSG00000105397	6	7	rs2228615	1	rs11879191	1	523	rs2228615	rs11671552	0	7.57099773914201e-38	0	1	1.92190862326428e-37	3	3	0.0136672	0.00018679235584
rs34536443	ENSG00000105397	6	7	rs2228615	1	rs11879191	1	523	rs62130684	rs11671552	0	7.57099774443029e-38	0	1	1.98183850863115e-35	5	3	0.0148864	0.00022160490496
rs34536443	ENSG00000105397	6	7	rs2228615	1	rs11879191	1	523	rs62130688	rs11671552	0	7.57099774443029e-38	0	1	3.53539504170177e-38	6	3	-0.0178532	0.00031873675024
rs34536443	ENSG00000105397	6	7	rs2228615	1	rs11879191	1	523	rs34403566	rs11671552	0	7.57099773385373e-38	0	1	1.79450966511209e-38	7	3	-0.0174484	0.00030444666256
rs34536443	ENSG00000105397	6	7	rs2228615	1	rs11879191	1	523	rs78630786	rs11671552	4.62827365471987e-70	7.57099774112275e-38	6.11316211280969e-33	1	2.99344312664537e-35	1	3	-0.0375529	0.00141022029841
rs34536443	ENSG00000105397	6	7	rs2228615	1	rs11879191	1	523	rs62130685	rs73923215	0	0	0	1	0	2	5	0.319122	0.101838850884
rs34536443	ENSG00000105397	6	7	rs2228615	1	rs11879191	1	523	rs2228615	rs73923215	0	0	0	1	0	3	5	0.321183	0.103158519489
rs34536443	ENSG00000105397	6	7	rs2228615	1	rs11879191	1	523	rs62130684	rs73923215	0	0	0	1	0	5	5	0.321026	0.103057692676
rs34536443	ENSG00000105397	6	7	rs2228615	1	rs11879191	1	523	rs62130688	rs73923215	0	0	0	1	0	6	5	-0.325401	0.105885810801
rs34536443	ENSG00000105397	6	7	rs2228615	1	rs11879191	1	523	rs34403566	rs73923215	0	0	0	1	0	7	5	-0.324771	0.105476202441
rs34536443	ENSG00000105397	6	7	rs2228615	1	rs11879191	1	523	rs78630786	rs73923215	0	0	6.11316211280474e-33	1	5.22559921394585e-30	1	5	0.0871879	0.00760172990641
rs34536443	ENSG00000105397	6	7	rs2228615	1	rs11879191	1	523	rs62130685	rs11879191	0	0	0	1	0	2	6	-0.325165	0.105732277225
rs34536443	ENSG00000105397	6	7	rs2228615	1	rs11879191	1	523	rs2228615	rs11879191	0	0	0	1	0	3	6	-0.327217	0.107070965089
rs34536443	ENSG00000105397	6	7	rs2228615	1	rs11879191	1	523	rs62130684	rs11879191	0	0	0	1	0	5	6	-0.326946	0.106893686916
rs34536443	ENSG00000105397	6	7	rs2228615	1	rs11879191	1	523	rs62130688	rs11879191	0	0	0	1	0	6	6	0.329427	0.108522148329
rs34536443	ENSG00000105397	6	7	rs2228615	1	rs11879191	1	523	rs34403566	rs11879191	0	0	0	1	0	7	6	0.328838	0.108134430244
rs34536443	ENSG00000105397	6	7	rs2228615	1	rs11879191	1	523	rs78630786	rs11879191	0	0	6.11316211280474e-33	1	1.64464603560181e-32	1	6	-0.0881822	0.00777610039684
rs34536443	ENSG00000105397	6	7	rs2228615	1	rs11879191	1	523	rs62130685	rs35164067	0	0	0	1	0	2	8	-0.321236	0.103192567696
rs34536443	ENSG00000105397	6	7	rs2228615	1	rs11879191	1	523	rs2228615	rs35164067	0	0	0	1	0	3	8	-0.323281	0.104510604961
rs34536443	ENSG00000105397	6	7	rs2228615	1	rs11879191	1	523	rs62130684	rs35164067	0	0	0	1	0	5	8	-0.323008	0.104334168064
rs34536443	ENSG00000105397	6	7	rs2228615	1	rs11879191	1	523	rs62130688	rs35164067	0	0	0	1	0	6	8	0.325492	0.105945042064
rs34536443	ENSG00000105397	6	7	rs2228615	1	rs11879191	1	523	rs34403566	rs35164067	0	0	0	1	0	7	8	0.324906	0.105563908836
rs34536443	ENSG00000105397	6	7	rs2228615	1	rs11879191	1	523	rs78630786	rs35164067	0	0	6.1131621128103e-33	1	2.10553966224703e-32	1	8	-0.0882385	0.00778603288225
rs34536443	ENSG00000105397	6	7	rs2228615	1	rs11879191	1	523	rs62130685	rs35251378	0	9.53887266530851e-128	0	1	4.1465211149991e-122	2	1	-0.397242	0.157801206564
rs34536443	ENSG00000105397	6	7	rs2228615	1	rs11879191	1	523	rs2228615	rs35251378	0	9.53887265864569e-128	0	1	6.10781704685317e-122	3	1	-0.399222	0.159378205284
rs34536443	ENSG00000105397	6	7	rs2228615	1	rs11879191	1	523	rs62130684	rs35251378	0	9.53887266530851e-128	0	1	9.47102370002886e-125	5	1	-0.395913	0.156747103569
rs34536443	ENSG00000105397	6	7	rs2228615	1	rs11879191	1	523	rs62130688	rs35251378	0	9.53887266530851e-128	0	1	3.1394637582162e-120	6	1	0.40189	0.1615155721
rs34536443	ENSG00000105397	6	7	rs2228615	1	rs11879191	1	523	rs34403566	rs35251378	0	9.53887265642475e-128	0	1	1.26561211003606e-119	7	1	0.401678	0.161345215684
rs34536443	ENSG00000105397	6	7	rs2228615	1	rs11879191	1	523	rs78630786	rs35251378	5.83126749484203e-160	9.5388726607186e-128	6.11316211280926e-33	1	1.03580403499434e-30	1	1	-0.0904027	0.00817264816729
rs34536443	ENSG00000105397	6	7	rs2228615	1	rs11879191	1	523	rs62130685	rs12720250	0	1.86324904367514e-17	0	1	8.67512753164499e-17	2	4	-0.0316243	0.00100009635049
rs34536443	ENSG00000105397	6	7	rs2228615	1	rs11879191	1	523	rs2228615	rs12720250	0	1.86324904237367e-17	0	1	8.22743844493267e-17	3	4	-0.0316243	0.00100009635049
rs34536443	ENSG00000105397	6	7	rs2228615	1	rs11879191	1	523	rs62130684	rs12720250	0	1.86324904367514e-17	0	1	8.42132737159453e-15	5	4	-0.0301135	0.00090682288225
rs34536443	ENSG00000105397	6	7	rs2228615	1	rs11879191	1	523	rs62130688	rs12720250	0	1.86324904367514e-17	0	1	1.02580730074183e-17	6	4	0.0280697	0.00078790805809
rs34536443	ENSG00000105397	6	7	rs2228615	1	rs11879191	1	523	rs34403566	rs12720250	0	1.86324904193985e-17	0	1	5.33028105294588e-18	7	4	0.0285723	0.00081637632729
rs34536443	ENSG00000105397	6	7	rs2228615	1	rs11879191	1	523	rs78630786	rs12720250	1.13903434545991e-49	1.863249042706e-17	6.11316211280952e-33	1	1.61793323937749e-15	1	4	0.350998	0.123199596004
rs34536443	ENSG00000105397	6	7	rs2228615	1	rs11879191	1	523	rs62130685	rs59125425	0	1.43148899590782e-36	0	1	4.10681726028619e-36	2	2	0.00891505	7.94781165025e-05
rs34536443	ENSG00000105397	6	7	rs2228615	1	rs11879191	1	523	rs2228615	rs59125425	0	1.43148899490793e-36	0	1	3.90134189700559e-36	3	2	0.00891505	7.94781165025e-05
rs34536443	ENSG00000105397	6	7	rs2228615	1	rs11879191	1	523	rs62130684	rs59125425	0	1.43148899590782e-36	0	1	4.15804522002983e-34	5	2	0.0103815	0.00010777554225
rs34536443	ENSG00000105397	6	7	rs2228615	1	rs11879191	1	523	rs62130688	rs59125425	0	1.43148899590782e-36	0	1	5.60503763865592e-37	6	2	-0.00791887	6.27085020769e-05
rs34536443	ENSG00000105397	6	7	rs2228615	1	rs11879191	1	523	rs34403566	rs59125425	0	1.43148899390805e-36	0	1	2.86922975544127e-37	7	2	-0.00742993	5.52038598049e-05
rs34536443	ENSG00000105397	6	7	rs2228615	1	rs11879191	1	523	rs78630786	rs59125425	8.75092429084213e-69	1.43148899527878e-36	6.11316211280952e-33	1	3.35635712047834e-35	1	2	-0.0256564	0.00065825086096
rs3180408	ENSG00000184979	0	10	rs9605536	0.320578363945696	rs2543716	1												
rs7097397	ENSG00000128815	0	4	rs11101363	0.220014044120262	rs76954111	0.999142991415235												
rs2298428	ENSG00000161179	0	1	rs1005579	0	rs73149929	0.996746276600797												
rs80295067	ENSG00000178199	0	5	rs1534934	0.520438908237184	rs2789504	0.999997825187053												
rs2297239	ENSG00000105939	0	9	rs75668764	0.249496825037418	rs7776583	1												
rs889561	ENSG00000184939	0	9	rs2863977	0.132023969784072	rs11075681	1												
