locus	n_snps	SLE_signals	COVID_signals	top_sle_snp	top_sle_pip	top_covid_snp	top_covid_pip	nsnps	hit1	hit2	PP.H0.abf	PP.H1.abf	PP.H2.abf	PP.H3.abf	PP.H4.abf	idx1	idx2	ld_between_hits	r2_between_hits
rs10036748	140	2	0	rs62382336	0.993169630215429	rs10045859	0.456985180100185												
rs10411830	44	1	0	rs67407316	0.343275437958277	rs62131160	0.87278944223616												
rs1059702	115	1	2	rs1059702	0.469268003091886	rs1616369	1	115	rs1059702	rs1734787	0	0	6.2041750844772e-12	0.0560476034173056	0.943952403660963	1	1	-0.968734	0.938445562756
rs1059702	115	1	2	rs1059702	0.469268003091886	rs1616369	1	115	rs1059702	rs1616369	0	0	1.25796115652062e-12	0.00976656115031387	0.99023338618247	1	2	0.968734	0.938445562756
rs10896045	21	1	0	rs11227302	0.286159978484906	rs10896045	0.493914414902796												
rs11065979	220	1	0	rs7137828	0.271202613473755	rs669148	0.0736371478236691												
rs113479772	505	1	4	rs12150603	0.0429493878953751	rs1453559	1	505	rs113479772	rs35123741	1.7617688974693e-22	1.0946703275453e-17	1.60937779390009e-05	0.999982525778131	1.38044392722106e-06	1	2	0.140733	0.019805777289
rs113479772	505	1	4	rs12150603	0.0429493878953751	rs1453559	1	505	rs113479772	rs9916765	0	0	1.6093790877504e-05	0.999983331319753	5.7488946432667e-07	1	3	-0.145425	0.021148430625
rs113479772	505	1	4	rs12150603	0.0429493878953751	rs1453559	1	505	rs113479772	rs1453559	0	0	1.60937895809759e-05	0.999983250599354	6.55610640978384e-07	1	4	-0.143356	0.020550942736
rs113479772	505	1	4	rs12150603	0.0429493878953751	rs1453559	1	505	rs113479772	rs9303277	0	0	1.60937916564821e-05	0.999983379818205	5.26390113716154e-07	1	6	0.143931	0.020716132761
rs1143679	158	1	0	rs1143679	0.747486452215988	rs7501207	0.253865053058998												
rs11649485	111	2	0	rs34912238	0.553673020361747	rs7190274	0.42889225010179												
rs12146097	187	1	0	rs17849501	0.731920060064487	rs12405210	0.164721412588421												
rs12694291	137	2	0	rs10048743	0.32601895247533	rs75890169	0.130107567298245												
rs13136297	190	0	2	rs10031210	0.0904068449428333	rs1813006	0.693672633129779												
rs17129789	67	1	0	rs6659932	0.250538157458208	rs7527919	0.56444657368473												
rs2111485	15	1	0	rs1990760	0.542366536460045	rs984971	0.588063400314624												
rs2205960	196	3	0	rs2205959	0.912300630555922	rs78625137	0.189937230173875												
rs2297550	15	1	0	rs3024493	0.359600132325789	rs138078266	0.964616950769114												
rs2298428	101	1	2	rs112504638	0.344842553216756	rs140499	1	101	rs11089637	rs738128	0	0	1.33627778888903e-07	0.0807463701908317	0.919253502272114	1	1	-0.918458	0.843565097764
rs2298428	101	1	2	rs112504638	0.344842553216756	rs140499	1	101	rs11089637	rs140499	0	0	3.44839359214929e-07	0.211541316138593	0.788458349350571	1	2	-0.918458	0.843565097764
rs2431697	74	1	0	rs2431098	0.992886287322808	rs1582418	0.208250309739833												
rs2476601	242	1	0	rs6679677	0.526706414088446	rs61817618	0.0887251656166963												
rs268124	178	2	1	rs34349961	0.425714892220559	rs12713541	0.158585380853975	178	rs10198510	rs36103180	8.32279659776457e-06	0.00428023113163889	0.00193233931139983	0.993759544013267	1.95627470970928e-05	2	1	-0.157415	0.024779482225
rs268124	178	2	1	rs34349961	0.425714892220559	rs12713541	0.158585380853975	178	rs34349961	rs36103180	4.92326435609874e-05	0.00332478278843667	0.0114305535933179	0.771501664016777	0.213693766957908	1	1	-0.640877	0.410723329129
rs2732549	257	1	0	rs2732549	0.0725151533870688	rs2467601	0.121867581506027												
rs2736332	135	2	0	rs2618473	0.219409477944482	rs35393613	0.151208128034296												
rs34536443	203	2	10	rs75407602	0.99857506122537	rs12720356	1	203	rs75407602	rs73923215	2.6543310087459e-248	3.77601965109908e-246	0.00697976515638643	0.992932895980316	8.73388633066352e-05	2	2	-0.267405	0.071505434025
rs34536443	203	2	10	rs75407602	0.99857506122537	rs12720356	1	203	rs35251378	rs73923215	5.6844122024378e-251	3.80186474015988e-246	1.4947593986727e-05	0.999728720624464	0.000256331781510753	1	2	-0.715855	0.512448381025
rs34536443	203	2	10	rs75407602	0.99857506122537	rs12720356	1	203	rs75407602	rs12720356	0	0	0.00697990132943291	0.992952306889874	6.77917807044728e-05	2	4	-0.0421244	0.00177446507536
rs34536443	203	2	10	rs75407602	0.99857506122537	rs12720356	1	203	rs35251378	rs12720356	0	0	1.49499268962657e-05	0.999885063634482	9.99864385799134e-05	1	4	-0.542843	0.294678522649
rs34536443	203	2	10	rs75407602	0.99857506122537	rs12720356	1	203	rs75407602	rs73510898	1.00043484803004e-75	1.42320668875077e-73	0.00697994899421285	0.992959101308741	6.09496970354572e-05	2	5	-0.0133582	0.00017844150724
rs34536443	203	2	10	rs75407602	0.99857506122537	rs12720356	1	203	rs35251378	rs73510898	2.14286702756245e-78	1.4331984213684e-73	1.4950601314237e-05	0.999930260644559	5.47887541160062e-05	1	5	0.538504	0.289986558016
rs34536443	203	2	10	rs75407602	0.99857506122537	rs12720356	1	203	rs75407602	rs2228615	0	0	0.00697915466343845	0.992845857291126	0.000174968010608979	2	6	-0.169235	0.028640485225
rs34536443	203	2	10	rs75407602	0.99857506122537	rs12720356	1	203	rs35251378	rs2228615	0	0	1.49513902410156e-05	0.999983132027794	1.93857806377251e-06	1	6	-0.292029	0.085280936841
rs34536443	203	2	10	rs75407602	0.99857506122537	rs12720356	1	203	rs75407602	rs150434441	0	0	0.00697975704300304	0.992931728608374	8.85410894099658e-05	2	7	0.172862	0.029881271044
rs34536443	203	2	10	rs75407602	0.99857506122537	rs12720356	1	203	rs35251378	rs150434441	0	0	1.49514009350871e-05	0.999983847271723	1.228859206868e-06	1	7	0.356936	0.127403308096
rs34536443	203	2	10	rs75407602	0.99857506122537	rs12720356	1	203	rs75407602	rs12972990	0	0	0.00697986313042375	0.992946879659767	7.32363571267524e-05	2	8	0.176191	0.031043268481
rs34536443	203	2	10	rs75407602	0.99857506122537	rs12720356	1	203	rs35251378	rs12972990	0	0	1.49514080644723e-05	0.999984324101292	7.48316305405841e-07	1	8	0.362745	0.131583935025
rs34536443	203	2	10	rs75407602	0.99857506122537	rs12720356	1	203	rs75407602	rs34403566	0	0	0.00697905607449661	0.992831536264049	0.000189297624950821	2	9	0.171404	0.029379331216
rs34536443	203	2	10	rs75407602	0.99857506122537	rs12720356	1	203	rs35251378	rs34403566	0	0	1.49513893498433e-05	0.999982834009642	2.22940765484374e-06	1	9	0.294642	0.086813908164
rs34536443	203	2	10	rs75407602	0.99857506122537	rs12720356	1	203	rs75407602	rs892188	0	0	0.00697819670413969	0.992709283342941	0.000312520764849051	2	10	-0.170454	0.029054566116
rs34536443	203	2	10	rs75407602	0.99857506122537	rs12720356	1	203	rs35251378	rs892188	0	0	1.4951348355976e-05	0.999980330660668	4.74371120274325e-06	1	10	-0.291963	0.085242393369
rs34536443	203	2	10	rs75407602	0.99857506122537	rs12720356	1	203	rs75407602	rs34725611	0	0	0.00697944377388691	0.992887084222779	0.000133472003311535	2	1	-0.301029	0.090618458841
rs34536443	203	2	10	rs75407602	0.99857506122537	rs12720356	1	203	rs35251378	rs34725611	0	0	3.77473825442693e-06	0.250965055424493	0.74903116983721	1	1	-0.979694	0.959800333636
rs34536443	203	2	10	rs75407602	0.99857506122537	rs12720356	1	203	rs75407602	rs7256518	0.000974489195797181	0.138629671317913	0.00538283958767133	0.765577471871362	0.0894355280272561	2	3	0.0201546	0.00040620790116
rs34536443	203	2	10	rs75407602	0.99857506122537	rs12720356	1	203	rs35251378	rs7256518	2.29166362494854e-06	0.153271698492636	1.26585884535212e-05	0.846635157656345	7.81935989402109e-05	1	3	-0.323899	0.104910562201
rs3757387	284	2	0	rs3757387	0.998073324527501	rs73240322	0.0898716292225261												
rs418215	146	1	0	rs10800314	0.977295413591744	rs34307129	0.73755490415339												
rs4388254	177	0	0	rs4388254	0.418377621135736	rs1971108	0.23327049013694												
rs4542691	143	1	2	rs9909443	0.021375231222044	rs12451296	1	143	rs9909443	rs9909076	0	0	0.01356161913195	0.160840758086964	0.825597619166396	1	1	-0.748314	0.559973842596
rs4542691	143	1	2	rs9909443	0.021375231222044	rs12451296	1	143	rs9909443	rs12451296	0	0	0.0131299273282538	0.155657105463068	0.831212974637511	1	2	-0.748314	0.559973842596
rs4853459	302	5	0	rs12998748	1	rs3024900	0.182031339283766												
rs485499	250	1	0	rs79153365	0.935054605912434	rs34026817	0.156922232415599												
rs4963128	281	1	0	rs6421973	0.0930087240339936	rs11246212	0.291615823140574												
rs548234	152	3	0	rs11152964	0.944932024244398	rs12527337	0.134369556431282												
rs61759532	41	1	0	rs77554485	0.907045103860581	rs2292068	0.610949471232722												
rs61909064	80	2	0	rs11600456	0.951357380362311	rs12790965	0.273706262615022												
rs62447171	82	1	0	rs75850838	0.264926323217396	rs34095125	0.506910705890749												
rs7097397	209	2	0	rs7097397	0.995231845419014	rs75887708	0.857724262691857												
rs73068668	24	1	0	rs73068668	0.666020344391266	rs73068668	0.441696628613933												
rs7519758	28	2	0	rs7540454	0.59679083049818	rs7540454	0.487421694621655												
rs7749323	106	2	0	rs5029924	0.370100112486275	rs111842674	0.951763509807604												
rs7902904	73	1	0	rs6479789	0.189330350761327	rs734069	0.444434577736311												
rs923077	119	0	0	rs10773559	0.684359739937252	rs34153595	0.181294238702055												
