locus	lead_snp	gene	nsnps	PPH4	status	error
rs61759532_ENSG00000288169	rs61759532	ENSG00000288169			FAILED	Missing eQTL file: eqtlgen_B38/eqtl_rs61759532_ENSG00000288169_B38.txt
rs61759532_ENSG00000072818	rs61759532	ENSG00000072818	422		SUCCESS	
rs1848486_ENSG00000164199	rs1848486	ENSG00000164199			FAILED	Missing LD file: LD_matrix_covid/rs1848486_ENSG00000164199_LD.unphased.vcor1
rs56023922_ENSG00000172493	rs56023922	ENSG00000172493	76		SUCCESS	
rs2309756_ENSG00000144218	rs2309756	ENSG00000144218	755		SUCCESS	
rs10489845_ENSG00000163568	rs10489845	ENSG00000163568	238		SUCCESS	
rs4282898_ENSG00000134461	rs4282898	ENSG00000134461	58		SUCCESS	
rs12642710_ENSG00000163297	rs12642710	ENSG00000163297	225		SUCCESS	
rs10411830_ENSG00000116017	rs10411830	ENSG00000116017			FAILED	Missing LD file: LD_matrix_covid/rs10411830_ENSG00000116017_LD.unphased.vcor1
rs7902904_ENSG00000150347	rs7902904	ENSG00000150347			FAILED	Missing LD file: LD_matrix_covid/rs7902904_ENSG00000150347_LD.unphased.vcor1
rs9670479_ENSG00000152213	rs9670479	ENSG00000152213	518		SUCCESS	
rs12274090_ENSG00000168010	rs12274090	ENSG00000168010	176		SUCCESS	
rs548234_ENSG00000057663	rs548234	ENSG00000057663	89		SUCCESS	
rs2206255_ENSG00000229931	rs2206255	ENSG00000229931	11	0.000100977870047194	SUCCESS	
rs11065979_ENSG00000258099	rs11065979	ENSG00000258099			FAILED	Missing eQTL file: eqtlgen_B38/eqtl_rs11065979_ENSG00000258099_B38.txt
rs3757247_ENSG00000112182	rs3757247	ENSG00000112182	170		SUCCESS	
rs13136297_ENSG00000153064	rs13136297	ENSG00000153064	141		SUCCESS	
rs7072811_ENSG00000214413	rs7072811	ENSG00000214413			FAILED	Missing LD file: LD_matrix_covid/rs7072811_ENSG00000214413_LD.unphased.vcor1
rs72736584_ENSG00000140379	rs72736584	ENSG00000140379	65		SUCCESS	
rs75543804_ENSG00000153094	rs75543804	ENSG00000153094	192		SUCCESS	
rs2736332_ENSG00000285369	rs2736332	ENSG00000285369			FAILED	Missing eQTL file: eqtlgen_B38/eqtl_rs2736332_ENSG00000285369_B38.txt
rs2736332_ENSG00000136573	rs2736332	ENSG00000136573	1128		SUCCESS	
rs78382932_ENSG00000138756	rs78382932	ENSG00000138756	451		SUCCESS	
rs11065979_ENSG00000089234	rs11065979	ENSG00000089234			FAILED	Missing LD file: LD_matrix_covid/rs11065979_ENSG00000089234_LD.unphased.vcor1
rs72730583_ENSG00000167173	rs72730583	ENSG00000167173	142	0.0231936934896475	SUCCESS	
rs229527_ENSG00000133466	rs229527	ENSG00000133466	91		SUCCESS	
rs4853373_ENSG00000115998	rs4853373	ENSG00000115998			FAILED	Missing LD file: LD_matrix_covid/rs4853373_ENSG00000115998_LD.unphased.vcor1
rs6510917_ENSG00000125730	rs6510917	ENSG00000125730			FAILED	Missing LD file: LD_matrix_covid/rs6510917_ENSG00000125730_LD.unphased.vcor1
rs6602587_ENSG00000183049	rs6602587	ENSG00000183049	649		SUCCESS	
rs4722276_ENSG00000198286	rs4722276	ENSG00000198286	399		SUCCESS	
rs756880_ENSG00000108702	rs756880	ENSG00000108702			FAILED	Missing eQTL file: eqtlgen_B38/eqtl_rs756880_ENSG00000108702_B38.txt
rs223886_ENSG00000102962	rs223886	ENSG00000102962			FAILED	Missing eQTL file: eqtlgen_B38/eqtl_rs223886_ENSG00000102962_B38.txt
rs10848975_ENSG00000255920	rs10848975	ENSG00000255920			FAILED	Missing eQTL file: eqtlgen_B38/eqtl_rs10848975_ENSG00000255920_B38.txt
rs1788098_ENSG00000150637	rs1788098	ENSG00000150637			FAILED	Missing eQTL file: eqtlgen_B38/eqtl_rs1788098_ENSG00000150637_B38.txt
rs4810485_ENSG00000101017	rs4810485	ENSG00000101017	36		SUCCESS	
rs74405933_ENSG00000112149	rs74405933	ENSG00000112149	295		SUCCESS	
rs888096_ENSG00000163171	rs888096	ENSG00000163171	522		SUCCESS	
rs10823829_ENSG00000107736	rs10823829	ENSG00000107736			FAILED	Missing LD file: LD_matrix_covid/rs10823829_ENSG00000107736_LD.unphased.vcor1
rs3886536_ENSG00000128536	rs3886536	ENSG00000128536	260		SUCCESS	
rs7519758_ENSG00000244414	rs7519758	ENSG00000244414			FAILED	Missing eQTL file: eqtlgen_B38/eqtl_rs7519758_ENSG00000244414_B38.txt
rs7519758_ENSG00000134365	rs7519758	ENSG00000134365			FAILED	Missing eQTL file: eqtlgen_B38/eqtl_rs7519758_ENSG00000134365_B38.txt
rs12917656_ENSG00000038532	rs12917656	ENSG00000038532	145		SUCCESS	
rs6831973_ENSG00000109684	rs6831973	ENSG00000109684	11		SUCCESS	
rs170934_ENSG00000187118	rs170934	ENSG00000187118	327		SUCCESS	
rs28475641_ENSG00000173085	rs28475641	ENSG00000173085	113		SUCCESS	
rs3795982_ENSG00000144579	rs3795982	ENSG00000144579			FAILED	Missing LD file: LD_matrix_covid/rs3795982_ENSG00000144579_LD.unphased.vcor1
rs3087243_ENSG00000163599	rs3087243	ENSG00000163599	118	0.0103105579217692	SUCCESS	
rs61150131_ENSG00000160683	rs61150131	ENSG00000160683	110		SUCCESS	
rs7252748_ENSG00000256612	rs7252748	ENSG00000256612	513		SUCCESS	
rs7252748_ENSG00000130612	rs7252748	ENSG00000130612			FAILED	Missing eQTL file: eqtlgen_B38/eqtl_rs7252748_ENSG00000130612_B38.txt
rs146788138_ENSG00000145358	rs146788138	ENSG00000145358	23		SUCCESS	
rs61150131_ENSG00000110367	rs61150131	ENSG00000110367	52		SUCCESS	
rs111344337_ENSG00000145214	rs111344337	ENSG00000145214	568		SUCCESS	
rs591549_ENSG00000170579	rs591549	ENSG00000170579			FAILED	Missing LD file: LD_matrix_covid/rs591549_ENSG00000170579_LD.unphased.vcor1
rs76201203_ENSG00000173253	rs76201203	ENSG00000173253			FAILED	Missing eQTL file: eqtlgen_B38/eqtl_rs76201203_ENSG00000173253_B38.txt
rs12319783_ENSG00000136048	rs12319783	ENSG00000136048			FAILED	Missing LD file: LD_matrix_covid/rs12319783_ENSG00000136048_LD.unphased.vcor1
rs6942325_ENSG00000112679	rs6942325	ENSG00000112679	76		SUCCESS	
rs2319516_ENSG00000181552	rs2319516	ENSG00000181552			FAILED	Missing eQTL file: eqtlgen_B38/eqtl_rs2319516_ENSG00000181552_B38.txt
rs4812068_ENSG00000124205	rs4812068	ENSG00000124205			FAILED	Missing LD file: LD_matrix_covid/rs4812068_ENSG00000124205_LD.unphased.vcor1
rs16882521_ENSG00000096093	rs16882521	ENSG00000096093	335		SUCCESS	
rs9532692_ENSG00000120690	rs9532692	ENSG00000120690	507		SUCCESS	
rs8103622_ENSG00000105656	rs8103622	ENSG00000105656	247		SUCCESS	
rs61909064_ENSG00000134954	rs61909064	ENSG00000134954			FAILED	Missing LD file: LD_matrix_covid/rs61909064_ENSG00000134954_LD.unphased.vcor1
rs34051876_ENSG00000138640	rs34051876	ENSG00000138640	272		SUCCESS	
rs2736332_ENSG00000292288	rs2736332	ENSG00000292288			FAILED	Missing eQTL file: eqtlgen_B38/eqtl_rs2736332_ENSG00000292288_B38.txt
rs2736332_ENSG00000154319	rs2736332	ENSG00000154319	1106		SUCCESS	
rs2544920_ENSG00000174132	rs2544920	ENSG00000174132	293		SUCCESS	
rs113877763_ENSG00000125386	rs113877763	ENSG00000125386	185		SUCCESS	
rs2111485_ENSG00000078098	rs2111485	ENSG00000078098			FAILED	Missing eQTL file: eqtlgen_B38/eqtl_rs2111485_ENSG00000078098_B38.txt
rs418215_ENSG00000162747	rs418215	ENSG00000162747	457		SUCCESS	
rs73011567_ENSG00000143297	rs73011567	ENSG00000143297	29		SUCCESS	
rs35346340_ENSG00000182511	rs35346340	ENSG00000182511	739		SUCCESS	
rs7784748_ENSG00000164916	rs7784748	ENSG00000164916	48		SUCCESS	
rs185149081_ENSG00000168843	rs185149081	ENSG00000168843			FAILED	Missing eQTL file: eqtlgen_B38/eqtl_rs185149081_ENSG00000168843_B38.txt
rs35346340_ENSG00000140564	rs35346340	ENSG00000140564	339		SUCCESS	
rs4282898_ENSG00000057608	rs4282898	ENSG00000057608	531		SUCCESS	
rs2510066_ENSG00000173264	rs2510066	ENSG00000173264	260		SUCCESS	
rs542129885_ENSG00000183150	rs542129885	ENSG00000183150	61		SUCCESS	
rs4542691_ENSG00000177885	rs4542691	ENSG00000177885			FAILED	Missing LD file: LD_matrix_covid/rs4542691_ENSG00000177885_LD.unphased.vcor1
rs77885959_ENSG00000288114	rs77885959	ENSG00000288114			FAILED	Missing eQTL file: eqtlgen_B38/eqtl_rs77885959_ENSG00000288114_B38.txt
rs77885959_ENSG00000110768	rs77885959	ENSG00000110768	347		SUCCESS	
rs146788138_ENSG00000245322	rs146788138	ENSG00000245322			FAILED	Missing eQTL file: eqtlgen_B38/eqtl_rs146788138_ENSG00000245322_B38.txt
rs8047421_ENSG00000155393	rs8047421	ENSG00000155393	215		SUCCESS	
rs9268807_ENSG00000277263	rs9268807	ENSG00000277263			FAILED	Missing eQTL file: eqtlgen_B38/eqtl_rs9268807_ENSG00000277263_B38.txt
rs9268807_ENSG00000234794	rs9268807	ENSG00000234794			FAILED	Missing eQTL file: eqtlgen_B38/eqtl_rs9268807_ENSG00000234794_B38.txt
rs9268807_ENSG00000228987	rs9268807	ENSG00000228987			FAILED	Missing eQTL file: eqtlgen_B38/eqtl_rs9268807_ENSG00000228987_B38.txt
rs9268807_ENSG00000227993	rs9268807	ENSG00000227993			FAILED	Missing eQTL file: eqtlgen_B38/eqtl_rs9268807_ENSG00000227993_B38.txt
rs9268807_ENSG00000226260	rs9268807	ENSG00000226260			FAILED	Missing eQTL file: eqtlgen_B38/eqtl_rs9268807_ENSG00000226260_B38.txt
rs9268807_ENSG00000230726	rs9268807	ENSG00000230726			FAILED	Missing eQTL file: eqtlgen_B38/eqtl_rs9268807_ENSG00000230726_B38.txt
rs9268807_ENSG00000206308	rs9268807	ENSG00000206308			FAILED	Missing eQTL file: eqtlgen_B38/eqtl_rs9268807_ENSG00000206308_B38.txt
rs9268807_ENSG00000204287	rs9268807	ENSG00000204287			FAILED	"The estimated prior variance is unreasonably large.
	     This is usually caused by mismatch between the summary statistics and the LD matrix.
             Please check the input."
rs9268807_ENSG00000198502	rs9268807	ENSG00000198502	145	0.285332674490195	SUCCESS	
rs776497260_ENSG00000241388	rs776497260	ENSG00000241388			FAILED	Missing eQTL file: eqtlgen_B38/eqtl_rs776497260_ENSG00000241388_B38.txt
rs11064247_ENSG00000010295	rs11064247	ENSG00000010295	456		SUCCESS	
rs10489845_ENSG00000163565	rs10489845	ENSG00000163565	316		SUCCESS	
rs2111485_ENSG00000115267	rs2111485	ENSG00000115267			FAILED	Too few SNPs after filtering
rs76371569_ENSG00000147873	rs76371569	ENSG00000147873			FAILED	Missing eQTL file: eqtlgen_B38/eqtl_rs76371569_ENSG00000147873_B38.txt
rs2297550_ENSG00000263528	rs2297550	ENSG00000263528			FAILED	Missing eQTL file: eqtlgen_B38/eqtl_rs2297550_ENSG00000263528_B38.txt
rs62447171_ENSG00000185811	rs62447171	ENSG00000185811	233		SUCCESS	
rs12694291_ENSG00000030419	rs12694291	ENSG00000030419			FAILED	Missing LD file: LD_matrix_covid/rs12694291_ENSG00000030419_LD.unphased.vcor1
rs113479772_ENSG00000161405	rs113479772	ENSG00000161405			FAILED	Missing LD file: LD_matrix_covid/rs113479772_ENSG00000161405_LD.unphased.vcor1
rs485499_ENSG00000244040	rs485499	ENSG00000244040			FAILED	Missing eQTL file: eqtlgen_B38/eqtl_rs485499_ENSG00000244040_B38.txt
rs17129789_ENSG00000081985	rs17129789	ENSG00000081985	470		SUCCESS	
rs7717955_ENSG00000168685	rs7717955	ENSG00000168685	799		SUCCESS	
rs35465817_ENSG00000204084	rs35465817	ENSG00000204084	786		SUCCESS	
rs790251_ENSG00000074706	rs790251	ENSG00000074706	257		SUCCESS	
rs1059702_ENSG00000184216	rs1059702	ENSG00000184216			FAILED	Missing eQTL file: eqtlgen_B38/eqtl_rs1059702_ENSG00000184216_B38.txt
rs3757387_ENSG00000128604	rs3757387	ENSG00000128604	199		SUCCESS	
rs11649485_ENSG00000140968	rs11649485	ENSG00000140968	66		SUCCESS	
rs1143679_ENSG00000169896	rs1143679	ENSG00000169896	87	0.0108834810816906	SUCCESS	
rs1887428_ENSG00000096968	rs1887428	ENSG00000096968	490		SUCCESS	
rs3757387_ENSG00000135253	rs3757387	ENSG00000135253			FAILED	Missing LD file: LD_matrix_covid/rs3757387_ENSG00000135253_LD.unphased.vcor1
rs76371569_ENSG00000198642	rs76371569	ENSG00000198642	767		SUCCESS	
rs6939565_ENSG00000198945	rs6939565	ENSG00000198945	605		SUCCESS	
rs10173253_ENSG00000213626	rs10173253	ENSG00000213626	815		SUCCESS	
rs4423942_ENSG00000138795	rs4423942	ENSG00000138795			FAILED	Too few SNPs after filtering
rs1400481_ENSG00000282114	rs1400481	ENSG00000282114			FAILED	Missing eQTL file: eqtlgen_B38/eqtl_rs1400481_ENSG00000282114_B38.txt
rs1400481_ENSG00000254275	rs1400481	ENSG00000254275	56	3.40805111772492e-05	SUCCESS	
rs7637844_ENSG00000243083	rs7637844	ENSG00000243083			FAILED	Missing eQTL file: eqtlgen_B38/eqtl_rs7637844_ENSG00000243083_B38.txt
rs11649485_ENSG00000269186	rs11649485	ENSG00000269186			FAILED	Missing eQTL file: eqtlgen_B38/eqtl_rs11649485_ENSG00000269186_B38.txt
rs485499_ENSG00000242107	rs485499	ENSG00000242107			FAILED	Missing eQTL file: eqtlgen_B38/eqtl_rs485499_ENSG00000242107_B38.txt
rs2309756_ENSG00000232084	rs2309756	ENSG00000232084			FAILED	Missing eQTL file: eqtlgen_B38/eqtl_rs2309756_ENSG00000232084_B38.txt
rs9557227_ENSG00000280734	rs9557227	ENSG00000280734			FAILED	Missing eQTL file: eqtlgen_B38/eqtl_rs9557227_ENSG00000280734_B38.txt
rs2426414_ENSG00000227964	rs2426414	ENSG00000227964			FAILED	Missing eQTL file: eqtlgen_B38/eqtl_rs2426414_ENSG00000227964_B38.txt
rs170934_ENSG00000225548	rs170934	ENSG00000225548			FAILED	Missing eQTL file: eqtlgen_B38/eqtl_rs170934_ENSG00000225548_B38.txt
rs741576_ENSG00000250544	rs741576	ENSG00000250544			FAILED	Missing eQTL file: eqtlgen_B38/eqtl_rs741576_ENSG00000250544_B38.txt
rs61909064_ENSG00000272575	rs61909064	ENSG00000272575			FAILED	Missing eQTL file: eqtlgen_B38/eqtl_rs61909064_ENSG00000272575_B38.txt
rs1635299_ENSG00000282456	rs1635299	ENSG00000282456			FAILED	Missing eQTL file: eqtlgen_B38/eqtl_rs1635299_ENSG00000282456_B38.txt
rs1635299_ENSG00000263715	rs1635299	ENSG00000263715			FAILED	Missing eQTL file: eqtlgen_B38/eqtl_rs1635299_ENSG00000263715_B38.txt
rs185149081_ENSG00000250488	rs185149081	ENSG00000250488			FAILED	Missing eQTL file: eqtlgen_B38/eqtl_rs185149081_ENSG00000250488_B38.txt
rs11736377_ENSG00000249241	rs11736377	ENSG00000249241			FAILED	Missing eQTL file: eqtlgen_B38/eqtl_rs11736377_ENSG00000249241_B38.txt
rs2374059_ENSG00000257762	rs2374059	ENSG00000257762			FAILED	Missing eQTL file: eqtlgen_B38/eqtl_rs2374059_ENSG00000257762_B38.txt
rs1040029_ENSG00000145012	rs1040029	ENSG00000145012	80	0.997343375462896	SUCCESS	
rs2719231_ENSG00000254087	rs2719231	ENSG00000254087	270		SUCCESS	
rs9782955_ENSG00000143669	rs9782955	ENSG00000143669	242		SUCCESS	
rs57319220_ENSG00000163818	rs57319220	ENSG00000163818	645	1.85402242782148e-05	SUCCESS	
rs3813582_ENSG00000178573	rs3813582	ENSG00000178573	263		SUCCESS	
rs3813582_ENSG00000261390	rs3813582	ENSG00000261390			FAILED	Missing eQTL file: eqtlgen_B38/eqtl_rs3813582_ENSG00000261390_B38.txt
rs7626070_ENSG00000152601	rs7626070	ENSG00000152601	669		SUCCESS	
rs309173_ENSG00000076003	rs309173	ENSG00000076003	592		SUCCESS	
rs77429014_ENSG00000144893	rs77429014	ENSG00000144893	29		SUCCESS	
rs4954125_ENSG00000152127	rs4954125	ENSG00000152127	156	0.0197404680407705	SUCCESS	
rs2431697_ENSG00000253522	rs2431697	ENSG00000253522	52		SUCCESS	
rs741576_ENSG00000265919	rs741576	ENSG00000265919			FAILED	Missing eQTL file: eqtlgen_B38/eqtl_rs741576_ENSG00000265919_B38.txt
rs4287962_ENSG00000283468	rs4287962	ENSG00000283468			FAILED	Missing eQTL file: eqtlgen_B38/eqtl_rs4287962_ENSG00000283468_B38.txt
rs1414273_ENSG00000264419	rs1414273	ENSG00000264419			FAILED	Missing eQTL file: eqtlgen_B38/eqtl_rs1414273_ENSG00000264419_B38.txt
rs6831973_ENSG00000207716	rs6831973	ENSG00000207716			FAILED	Missing eQTL file: eqtlgen_B38/eqtl_rs6831973_ENSG00000207716_B38.txt
rs652284_ENSG00000283789	rs652284	ENSG00000283789			FAILED	Missing eQTL file: eqtlgen_B38/eqtl_rs652284_ENSG00000283789_B38.txt
rs17374162_ENSG00000235531	rs17374162	ENSG00000235531	243		SUCCESS	
rs60975870_ENSG00000183486	rs60975870	ENSG00000183486			FAILED	Missing LD file: LD_matrix_covid/rs60975870_ENSG00000183486_LD.unphased.vcor1
rs1317082_ENSG00000085274	rs1317082	ENSG00000085274	57		SUCCESS	
rs375039649_ENSG00000099331	rs375039649	ENSG00000099331			FAILED	Missing LD file: LD_matrix_covid/rs375039649_ENSG00000099331_LD.unphased.vcor1
rs4287962_ENSG00000145414	rs4287962	ENSG00000145414			FAILED	Missing LD file: LD_matrix_covid/rs4287962_ENSG00000145414_LD.unphased.vcor1
rs4483195_ENSG00000140396	rs4483195	ENSG00000140396	140		SUCCESS	
rs12146097_ENSG00000157064	rs12146097	ENSG00000157064			FAILED	Missing LD file: LD_matrix_covid/rs12146097_ENSG00000157064_LD.unphased.vcor1
rs790251_ENSG00000112038	rs790251	ENSG00000112038			FAILED	Missing eQTL file: eqtlgen_B38/eqtl_rs790251_ENSG00000112038_B38.txt
rs10896045_ENSG00000172818	rs10896045	ENSG00000172818			FAILED	Missing eQTL file: eqtlgen_B38/eqtl_rs10896045_ENSG00000172818_B38.txt
rs7626070_ENSG00000169860	rs7626070	ENSG00000169860			FAILED	Missing LD file: LD_matrix_covid/rs7626070_ENSG00000169860_LD.unphased.vcor1
rs16882521_ENSG00000170915	rs16882521	ENSG00000170915	593		SUCCESS	
rs10848975_ENSG00000111224	rs10848975	ENSG00000111224	229		SUCCESS	
rs5753605_ENSG00000100105	rs5753605	ENSG00000100105	216		SUCCESS	
rs71336931_ENSG00000105185	rs71336931	ENSG00000105185	852		SUCCESS	
rs2732549_ENSG00000110435	rs2732549	ENSG00000110435	33		SUCCESS	
rs148490292_ENSG00000173517	rs148490292	ENSG00000173517	489		SUCCESS	
rs4963128_ENSG00000274780	rs4963128	ENSG00000274780			FAILED	Missing eQTL file: eqtlgen_B38/eqtl_rs4963128_ENSG00000274780_B38.txt
rs4963128_ENSG00000070047	rs4963128	ENSG00000070047			FAILED	Missing LD file: LD_matrix_covid/rs4963128_ENSG00000070047_LD.unphased.vcor1
rs3748233_ENSG00000155629	rs3748233	ENSG00000155629			FAILED	Missing LD file: LD_matrix_covid/rs3748233_ENSG00000155629_LD.unphased.vcor1
rs28475641_ENSG00000145287	rs28475641	ENSG00000145287			FAILED	Missing LD file: LD_matrix_covid/rs28475641_ENSG00000145287_LD.unphased.vcor1
rs9712275_ENSG00000115896	rs9712275	ENSG00000115896	471	0.258961630626363	SUCCESS	
rs4685426_ENSG00000284017	rs4685426	ENSG00000284017			FAILED	Missing eQTL file: eqtlgen_B38/eqtl_rs4685426_ENSG00000284017_B38.txt
rs4685426_ENSG00000154822	rs4685426	ENSG00000154822	543		SUCCESS	
rs2841280_ENSG00000166428	rs2841280	ENSG00000166428	429		SUCCESS	
rs223886_ENSG00000102934	rs223886	ENSG00000102934			FAILED	Missing LD file: LD_matrix_covid/rs223886_ENSG00000102934_LD.unphased.vcor1
rs774471019_ENSG00000070501	rs774471019	ENSG00000070501	320		SUCCESS	
rs72730583_ENSG00000138621	rs72730583	ENSG00000138621	193		SUCCESS	
rs73068668_ENSG00000105063	rs73068668	ENSG00000105063	14	0.0149910504670274	SUCCESS	
rs548234_ENSG00000057657	rs548234	ENSG00000057657	12		SUCCESS	
rs12642710_ENSG00000152784	rs12642710	ENSG00000152784	288		SUCCESS	
rs7404928_ENSG00000166501	rs7404928	ENSG00000166501	984		SUCCESS	
rs57441276_ENSG00000101911	rs57441276	ENSG00000101911			FAILED	Missing eQTL file: eqtlgen_B38/eqtl_rs57441276_ENSG00000101911_B38.txt
rs2476601_ENSG00000134242	rs2476601	ENSG00000134242	329		SUCCESS	
rs2296618_ENSG00000262418	rs2296618	ENSG00000262418			FAILED	Missing eQTL file: eqtlgen_B38/eqtl_rs2296618_ENSG00000262418_B38.txt
rs2296618_ENSG00000081237	rs2296618	ENSG00000081237	10		SUCCESS	
rs2431697_ENSG00000164611	rs2431697	ENSG00000164611	171		SUCCESS	
rs888096_ENSG00000115828	rs888096	ENSG00000115828	137	0.763924826787024	SUCCESS	
rs9437_ENSG00000104388	rs9437	ENSG00000104388	427	0.629628063040658	SUCCESS	
rs8035957_ENSG00000172575	rs8035957	ENSG00000172575	306		SUCCESS	
rs13385731_ENSG00000152689	rs13385731	ENSG00000152689	54		SUCCESS	
rs9670479_ENSG00000136144	rs9670479	ENSG00000136144	780		SUCCESS	
rs301799_ENSG00000232912	rs301799	ENSG00000232912	92		SUCCESS	
rs2816316_ENSG00000090104	rs2816316	ENSG00000090104			FAILED	Missing LD file: LD_matrix_covid/rs2816316_ENSG00000090104_LD.unphased.vcor1
rs2816316_ENSG00000253148	rs2816316	ENSG00000253148			FAILED	Missing eQTL file: eqtlgen_B38/eqtl_rs2816316_ENSG00000253148_B38.txt
rs11736377_ENSG00000168421	rs11736377	ENSG00000168421	68		SUCCESS	
rs2319516_ENSG00000169413	rs2319516	ENSG00000169413	219		SUCCESS	
rs74405933_ENSG00000180537	rs74405933	ENSG00000180537	863		SUCCESS	
rs2046616_ENSG00000122484	rs2046616	ENSG00000122484	325		SUCCESS	
rs74804869_ENSG00000100316	rs74804869	ENSG00000100316			FAILED	Too few SNPs after filtering
rs7637844_ENSG00000281766	rs7637844	ENSG00000281766			FAILED	Missing eQTL file: eqtlgen_B38/eqtl_rs7637844_ENSG00000281766_B38.txt
rs7637844_ENSG00000163602	rs7637844	ENSG00000163602	31		SUCCESS	
rs75967767_ENSG00000078808	rs75967767	ENSG00000078808	172		SUCCESS	
rs12592504_ENSG00000138593	rs12592504	ENSG00000138593	281		SUCCESS	
rs4801882_ENSG00000105501	rs4801882	ENSG00000105501	147	0.0108908758776743	SUCCESS	
rs4801882_ENSG00000268500	rs4801882	ENSG00000268500			FAILED	Missing eQTL file: eqtlgen_B38/eqtl_rs4801882_ENSG00000268500_B38.txt
rs202554_ENSG00000223750	rs202554	ENSG00000223750	394		SUCCESS	
rs202554_ENSG00000089012	rs202554	ENSG00000089012	504		SUCCESS	
rs923077_ENSG00000139370	rs923077	ENSG00000139370	19		SUCCESS	
rs17116149_ENSG00000065613	rs17116149	ENSG00000065613			FAILED	Missing LD file: LD_matrix_covid/rs17116149_ENSG00000065613_LD.unphased.vcor1
rs76201203_ENSG00000080503	rs76201203	ENSG00000080503			FAILED	Missing LD file: LD_matrix_covid/rs76201203_ENSG00000080503_LD.unphased.vcor1
rs10173253_ENSG00000207187	rs10173253	ENSG00000207187			FAILED	Missing eQTL file: eqtlgen_B38/eqtl_rs10173253_ENSG00000207187_B38.txt
rs268124_ENSG00000198369	rs268124	ENSG00000198369	153		SUCCESS	
rs2544920_ENSG00000113532	rs2544920	ENSG00000113532			FAILED	Too few SNPs after filtering
rs12274090_ENSG00000214530	rs12274090	ENSG00000214530	526		SUCCESS	
rs4853459_ENSG00000138378	rs4853459	ENSG00000138378			FAILED	Missing LD file: LD_matrix_covid/rs4853459_ENSG00000138378_LD.unphased.vcor1
rs12576774_ENSG00000167323	rs12576774	ENSG00000167323	220		SUCCESS	
rs2206255_ENSG00000230873	rs2206255	ENSG00000230873			FAILED	Missing eQTL file: eqtlgen_B38/eqtl_rs2206255_ENSG00000230873_B38.txt
rs17116149_ENSG00000107960	rs17116149	ENSG00000107960			FAILED	Missing LD file: LD_matrix_covid/rs17116149_ENSG00000107960_LD.unphased.vcor1
rs360050_ENSG00000133789	rs360050	ENSG00000133789	208		SUCCESS	
rs74804869_ENSG00000100321	rs74804869	ENSG00000100321	15	0.0347526127035848	SUCCESS	
rs3886536_ENSG00000008282	rs3886536	ENSG00000008282	206		SUCCESS	
rs428073_ENSG00000135090	rs428073	ENSG00000135090	16		SUCCESS	
rs4388254_ENSG00000081059	rs4388254	ENSG00000081059	168		SUCCESS	
rs755393386_ENSG00000074219	rs755393386	ENSG00000074219	143		SUCCESS	
rs7725218_ENSG00000164362	rs7725218	ENSG00000164362			FAILED	Missing LD file: LD_matrix_covid/rs7725218_ENSG00000164362_LD.unphased.vcor1
rs6546883_ENSG00000187605	rs6546883	ENSG00000187605	109		SUCCESS	
rs57441276_ENSG00000196664	rs57441276	ENSG00000196664			FAILED	Missing eQTL file: eqtlgen_B38/eqtl_rs57441276_ENSG00000196664_B38.txt
rs923077_ENSG00000181234	rs923077	ENSG00000181234	12		SUCCESS	
rs6939565_ENSG00000203756	rs6939565	ENSG00000203756			FAILED	Missing eQTL file: eqtlgen_B38/eqtl_rs6939565_ENSG00000203756_B38.txt
rs12636784_ENSG00000176142	rs12636784	ENSG00000176142	133		SUCCESS	
rs2740174_ENSG00000196187	rs2740174	ENSG00000196187	719		SUCCESS	
rs7749323_ENSG00000118503	rs7749323	ENSG00000118503	142		SUCCESS	
rs10066380_ENSG00000145779	rs10066380	ENSG00000145779	96		SUCCESS	
rs34562254_ENSG00000240505	rs34562254	ENSG00000240505			FAILED	Missing LD file: LD_matrix_covid/rs34562254_ENSG00000240505_LD.unphased.vcor1
rs652284_ENSG00000120949	rs652284	ENSG00000120949	90		SUCCESS	
rs6510917_ENSG00000125735	rs6510917	ENSG00000125735			FAILED	Missing LD file: LD_matrix_covid/rs6510917_ENSG00000125735_LD.unphased.vcor1
rs2205960_ENSG00000117586	rs2205960	ENSG00000117586	38		SUCCESS	
rs10036748_ENSG00000145901	rs10036748	ENSG00000145901	442		SUCCESS	
rs113877763_ENSG00000168884	rs113877763	ENSG00000168884	150		SUCCESS	
rs7126711_ENSG00000162341	rs7126711	ENSG00000162341	858		SUCCESS	
rs1482518599_ENSG00000131323	rs1482518599	ENSG00000131323	402		SUCCESS	
rs12241531_ENSG00000171206	rs12241531	ENSG00000171206	37		SUCCESS	
rs16826583_ENSG00000043514	rs16826583	ENSG00000043514	134		SUCCESS	
rs62017246_ENSG00000092439	rs62017246	ENSG00000092439			FAILED	Missing LD file: LD_matrix_covid/rs62017246_ENSG00000092439_LD.unphased.vcor1
rs2234290_ENSG00000064201	rs2234290	ENSG00000064201	379		SUCCESS	
rs34536443_ENSG00000105397	rs34536443	ENSG00000105397	543	0.99999821577282	SUCCESS	
rs9557227_ENSG00000134882	rs9557227	ENSG00000134882	524		SUCCESS	
rs1893592_ENSG00000160185	rs1893592	ENSG00000160185			FAILED	Missing LD file: LD_matrix_covid/rs1893592_ENSG00000160185_LD.unphased.vcor1
rs3180408_ENSG00000184979	rs3180408	ENSG00000184979			FAILED	Missing LD file: LD_matrix_covid/rs3180408_ENSG00000184979_LD.unphased.vcor1
rs4388254_ENSG00000213585	rs4388254	ENSG00000213585			FAILED	Missing LD file: LD_matrix_covid/rs4388254_ENSG00000213585_LD.unphased.vcor1
rs12319783_ENSG00000120860	rs12319783	ENSG00000120860	479		SUCCESS	
rs7097397_ENSG00000128815	rs7097397	ENSG00000128815	86		SUCCESS	
rs2298428_ENSG00000161179	rs2298428	ENSG00000161179	184		SUCCESS	
rs80295067_ENSG00000178199	rs80295067	ENSG00000178199	343		SUCCESS	
rs2297239_ENSG00000105939	rs2297239	ENSG00000105939	314		SUCCESS	
rs72736584_ENSG00000086666	rs72736584	ENSG00000086666			FAILED	Missing LD file: LD_matrix_covid/rs72736584_ENSG00000086666_LD.unphased.vcor1
rs2426414_ENSG00000020256	rs2426414	ENSG00000020256	176		SUCCESS	
rs889561_ENSG00000184939	rs889561	ENSG00000184939	588		SUCCESS	
rs4812068_ENSG00000124203	rs4812068	ENSG00000124203			FAILED	Missing LD file: LD_matrix_covid/rs4812068_ENSG00000124203_LD.unphased.vcor1
