Index	Locus	Chr	Pos	Top_SNP	Top_PIP	Signals	CS95_Size
2	rs10036748	5	151078585	rs10036748	0.823614412694558	1	3
3	rs10066380	5	119318238	rs10066380	0.700744885476611	1	4
4	rs10173253	2	30224598	rs371320959	1	2	2
5	rs1040029	3	188740240	rs1040029	0.32620282931109	2	27
6	rs10411830	19	501900	rs3745925	0.9715709925458	2	11
7	rs10489845	1	159069435	rs78991364	0.289197824957638	1	12
8	rs1059702	23	154018741	rs1059702	0.314463042099741	1	10
9	rs10823829	10	71342115	rs77727024	0.548251978002339	3	26
10	rs10848975	12	4043715	rs10848975	0.550997507096062	1	17
11	rs10896045	11	65698265	rs570358539	1	10	11
12	rs11064247	12	6455785	rs57215143	1	3	39
13	rs11065979	12	112926561	rs58666899	1	4	6
14	rs111344337	4	973547	rs111344337	0.15900322359752	1	10
15	rs113479772	17	39737231	rs4795393	0.00764820942170974	0	0
16	rs113877763	4	2736323	rs232718	0.347619688116309	2	65
17	rs1143679	16	30922754	rs3813020	0.0609272454727973	0	0
18	rs11649485	16	85933195	rs419030	1	8	9
20	rs11736377	4	40299247	rs11736377	0.762533018864961	1	2
22	rs12146097	1	183563302	rs13306575	0.999997735483647	2	14
23	rs12241531	10	102482780	rs35645620	1	4	21
24	rs12274090	11	72798292	rs35916673	1	7	14
25	rs12319783	12	101361670	rs149430081	1	8	14
26	rs12576774	11	3980683	rs2923955	1	4	4
27	rs12592504	15	48987136	rs56918291	0.327980552145243	1	16
28	rs12636784	3	119528923	rs141948068	1	7	14
29	rs12642710	4	80163195	rs2867700	0.107346234773429	1	34
30	rs12694291	2	212763262	rs11678818	0.564452028656244	2	40
31	rs12917656	16	11075428	rs2058532	1	7	8
32	rs13136297	4	101806356	rs66829902	1	8	38
33	rs1317082	3	169750324	rs59018028	1	8	28
34	rs13385731	2	33476823	rs13385731	0.958571457688573	2	12
35	rs1400481	8	128438698	rs141234551	1	6	15
36	rs1414273	1	116560027	rs1414273	0.580216987106941	2	25
37	rs146788138	4	100504517	rs143925268	0.0194657983217916	0	0
38	rs1482518599	14	103411811	rs7143609	0.065046496328015	1	72
39	rs148490292	15	77098528	rs17466480	0.10384953566135	1	101
40	rs1635299	17	45680605	rs17687796	0.0973685561369709	0	0
41	rs16826583	1	39825520	rs16826583	0.784994790482309	1	5
42	rs16882521	6	52419027	rs16882521	0.0550697768718758	1	43
43	rs170934	3	28026362	rs146561881	1	5	6
44	rs17116149	10	103491671	rs77956555	0.203871153055162	1	24
45	rs17129789	1	67313993	rs10489627	0.310658906622872	1	18
46	rs17374162	8	71992870	rs7816641	0.153882544409136	1	12
47	rs1788098	18	69875562	rs1788098	0.167222771126677	1	17
48	rs1848486	5	91013970	rs28875340	0.0719114743706322	1	37
49	rs185149081	4	159643572	rs77407233	0	0	0
50	rs1887428	9	4988146	rs10974901	0.0906899402255426	1	172
51	rs1893592	21	42405613	rs9981624	1	2	2
52	rs202554	20	1548756	rs11481850	1	4	9
53	rs2046616	1	92430155	rs942752	0.0188147227569538	0	0
54	rs2111485	2	162254026	rs2111485	0.705386275376475	1	3
55	rs2205960	1	173368608	rs2422345	1	6	6
56	rs2206255	6	16969095	rs7765864	1	3	3
57	rs2234290	11	2302389	rs2234290	0.322140872225512	0	0
58	rs223886	16	57309425	rs150280082	1	9	22
59	rs229527	22	37185445	rs229527	0.13837748016975	2	46
60	rs2296618	1	198574288	rs16843353	1	2	2
61	rs2297239	7	138779360	rs201596813	0.41683095050472	2	21
62	rs2297550	1	206469763	rs1930438	0.36954738444881	1	4
63	rs2298428	22	21562072	rs5754104	1	8	8
64	rs2309756	2	100248036	rs6542921	1	3	66
65	rs2319516	14	20778780	rs2319516	0.155316624789511	1	20
66	rs2374059	12	103513630	rs2374059	0.557953233809257	1	2
67	rs2426414	20	51610753	rs910159	0.276059800093547	1	14
68	rs2431697	5	160452971	rs2431697	0.999176655520743	2	3
69	rs2476601	1	113835147	rs17509844	0.0341185415851762	0	0
70	rs2510066	11	64284975	rs2510066	0.0686943228131053	0	0
71	rs2544920	5	100854011	rs13362464	1	2	2
72	rs268124	2	65348500	rs5831748	1	7	12
73	rs2719231	8	55912738	rs66871317	0.999999780104999	2	19
74	rs2732549	11	35062398	rs146368551	1	4	25
75	rs2736332	8	11495318	rs3029018	1	2	2
76	rs2740174	1	225846268	rs2740174	0.409771321381829	1	7
77	rs2816316	1	192567683	rs2816316	0.151136762366951	1	20
78	rs2841280	14	104922039	rs2841276	1	9	35
79	rs28475641	4	83225615	rs11099584	0.0598124204982635	1	37
80	rs301799	1	8480131	rs150520468	1	4	6
81	rs3087243	2	203796801	rs3116507	0.153601747685254	1	66
82	rs309173	2	135719210	rs150974797	1	9	20
83	rs3180408	22	18168405	rs7511109	1	2	2
84	rs34051876	4	88887533	rs66816184	1	4	6
85	rs34536443	19	10359243	rs55882956	0.999999999621447	2	35
86	rs34562254	17	16936466	rs138745311	1	9	12
87	rs35346340	15	91207162	rs75734330	0.835852514036137	0	0
88	rs35465817	1	37895543	rs35978921	0.0416252803504426	1	73
89	rs360050	11	9693544	rs360050	0.0569258644040489	1	119
90	rs3748233	10	96626726	rs3748233	0.69530203131527	1	3
91	rs375039649	19	17107054	rs60139334	0.22100290719034	1	50
92	rs3757247	6	90247744	rs3757247	0.913792036949849	3	52
93	rs3757387	7	129092046	rs141927964	1	10	27
94	rs3795982	2	218400445	rs3795982	0.0552238559788147	0	0
95	rs3813582	16	79735011	rs56263594	1	5	34
96	rs3886536	7	106056787	rs2079313	0.25960452830031	1	10
97	rs418215	1	161616649	rs192757258	1	3	3
98	rs428073	12	117991014	rs2393328	0.211080873820706	2	35
99	rs4282898	10	5872241	rs78409108	0.180188590834651	1	29
100	rs4287962	4	163618192	rs6536743	0.0658801942172412	1	33
101	rs4388254	5	132476662	rs78130955	1	7	7
102	rs4423942	4	107829841	rs201231654	1	4	20
103	rs4483195	8	70284839	rs555064786	1	4	4
104	rs4542691	17	75315697	rs34969916	1	9	10
105	rs4685426	3	17077746	rs4685426	0.145035794317329	1	124
106	rs4722276	7	2979170	rs4722276	0.35296540039356	1	4
107	rs4801882	19	51672021	rs55894708	1	5	5
108	rs4810485	20	46119308	rs4810485	0.339849354712607	1	9
109	rs4812068	20	59268848	rs4812068	0.187264225619163	1	16
110	rs4853373	2	69995969	rs12713685	0.081429623733296	0	0
111	rs4853459	2	191075534	rs16833239	1	5	8
112	rs485499	3	160014715	rs1651081	1	2	2
113	rs4954125	2	134311753	rs138083067	0.128621083591485	0	0
114	rs4963128	11	589564	rs4963128	0.331952997853846	0	0
115	rs542129885	12	12676103	rs11055013	1	7	8
116	rs548234	6	106092148	rs11152963	1	10	12
117	rs56023922	4	86978156	rs66611183	1	3	4
118	rs57319220	3	45878500	rs57319220	0.0701147164799527	0	0
119	rs57441276	23	12830102	rs57441276	0.714279562894713	1	5
120	rs5753605	22	31213817	rs71689139	0.060751010057885	1	76
121	rs591549	18	3542249	rs591549	0.998583203780212	1	1
123	rs60975870	21	41362064	rs60975870	0.439023002344097	1	5
124	rs61150131	11	118717611	rs28413939	1	10	13
125	rs61759532	17	7337072	rs61759532	0.999992469004645	2	2
126	rs61909064	11	128424227	rs4937329	1	10	19
127	rs62017246	15	50050027	rs4522364	0.00869138238238221	0	0
128	rs62447171	7	50249106	rs12718257	1	4	4
129	rs6510917	19	6689054	rs11085192	0.245934204124437	1	30
130	rs652284	1	11935352	rs760188	1	5	7
131	rs6546883	2	73981235	rs6705628	0.140980860264779	1	13
132	rs6602587	10	12445910	rs6602587	0.597357859999705	1	3
133	rs6831973	4	10707742	rs6831973	0.400673350319851	1	28
134	rs6939565	6	129798527	rs116877017	0.0178080116918838	0	0
135	rs6942325	6	226232	rs2235873	1	10	13
136	rs7072811	10	110990531	rs60066424	0.915782963782638	2	20
137	rs7097397	10	48843200	rs7915025	1	4	10
138	rs7126711	11	69091909	rs7126711	0.691370914361282	1	2
139	rs71336931	19	32592562	rs12460582	0.150826101402951	1	56
141	rs7252748	19	41323404	rs2241720	0.0448637583945966	0	0
142	rs72730583	15	74755369	rs57295890	0.999995972754905	3	22
143	rs72736584	15	80015343	rs1074979	0.101355202568338	1	18
144	rs73011567	1	157532901	rs111500438	1	4	6
145	rs73068668	19	55258086	rs4283339	0.024916631715209	0	0
146	rs7404928	16	23890055	rs16972959	0.825344200325176	1	14
147	rs741576	5	87094404	rs2624193	0.0566587472558014	1	115
148	rs74405933	6	14095524	rs74405933	0.133135611713224	1	20
149	rs74804869	22	38959712	rs5750717	0.913311171310503	4	143
151	rs7519758	1	196856157	rs7519758	0.220139079650996	0	0
152	rs755393386	19	49396242	rs60104868	1	5	5
153	rs75543804	2	111119597	rs73954925	0.179637297293492	1	13
154	rs756880	17	33929060	rs2881844	0	0	0
155	rs75967767	1	1014228	rs1921	0.315863873435615	1	86
156	rs76201203	9	1878956	rs76201203	0.574725672790734	1	3
157	rs7626070	3	152498926	rs7626070	0.0386295922101492	1	53
158	rs76371569	9	21319720	rs60851539	1	2	2
159	rs7637844	3	72175597	rs11707718	0.313909861893089	0	0
160	rs7717955	5	35837132	rs12697352	0.082082213783719	1	35
161	rs7725218	5	1282299	rs7725218	1	6	8
162	rs77429014	3	150924753	rs11712586	0.587306004863211	1	15
163	rs774471019	8	42371541	rs2307163	1	4	73
164	rs7749323	6	137869392	rs57087937	1	2	2
165	rs776497260	12	120780753	rs1086581	1	3	5
166	rs7784748	7	4745021	rs7784748	0.681832217980657	1	2
167	rs77885959	11	18271039	rs77394630	0.999999830196538	1	1
168	rs78382932	4	78708839	rs535789900	0.443554621099957	1	17
169	rs790251	6	154186071	rs6906755	0.157789701500811	0	0
170	rs7902904	10	62044482	rs74358465	1	7	10
171	rs80295067	6	149483259	rs80295067	0.927686904208101	1	2
172	rs8035957	15	38576587	rs13329072	1	8	19
173	rs8047421	16	50055127	rs12447324	1	9	12
174	rs8103622	19	18756751	rs17757406	0.936750265005553	3	102
175	rs888096	2	37376658	rs888096	0.973441330937136	1	1
176	rs889561	16	68514164	rs370600641	1	3	121
177	rs923077	12	128814303	rs3741615	1	4	5
179	rs9437	8	61031532	rs6986434	0.0418475826637305	1	50
180	rs9532692	13	40619895	rs17630266	1	6	14
181	rs9557227	13	99451695	rs145896541	1	7	77
182	rs9670479	13	49529835	rs6561536	1	9	34
183	rs9712275	2	197923847	rs7423972	1	4	5
184	rs9782955	1	235876577	rs9782955	0.116553702752962	1	20
